Slip Angle (deg),FZ = 300 N,FZ = 500 N,FZ = 700 N,FZ = 900 N,FZ = 1100 N
-15.0,2.0693125061374515,2.047341836396872,2.0303831868897073,2.016555083305862,2.0037315204019004
-14.9,2.070192335304227,2.0482307499130883,2.0312502385136573,2.017360414918859,2.0044181452205825
-14.8,2.0710737602487175,2.049121089814586,2.0321174028375437,2.018163233465726,2.005098035992536
-14.7,2.0719566383217805,2.0500126968431296,2.032984469755917,2.0189632394353088,2.005770760787116
-14.6,2.0728408191291345,2.050905403099803,2.033851218522378,2.019760119478896,2.006435869477086
-14.5,2.073726144164235,2.0517990316326054,2.034717417253185,2.0205535457918122,2.0070928929714804
-14.4,2.074612446422943,2.0526933960035123,2.035582822406586,2.021343175465893,2.0077413424144686
-14.3,2.075499549999024,2.0535882998339012,2.0364471782365867,2.022128649811365,2.0083807083486414
-14.2,2.076387269659424,2.054483536327173,2.0373102162198102,2.0229095936466144,2.009010459841067
-14.1,2.0772754103982494,2.0553788877673393,2.038171654454036,2.023685614554201,2.009630043570382
-14.0,2.0781637669682733,2.0562741249922705,2.039031197026902,2.0244563021014272,2.010238882873107
-13.9,2.079052123388754,2.05716900684022,2.0398885333531878,2.0252212270236565,2.010836376747282
-13.8,2.0799402524282558,2.0580632795681675,2.040743337479,2.025979940368486,2.0114218988114456
-13.7,2.0808279150611027,2.058956676240428,2.041595267351081,2.0267319725987907,2.011994796216853
-13.6,2.081714859895996,2.059848916085882,2.0424439640493706,2.027476832652514,2.0125543885107744
-13.5,2.0826008225752535,2.0607397038220965,2.043289050980825,2.028214006957017,2.013099966448586
-13.4,2.083485525143021,2.061628728944483,2.044130133032402,2.028942958395631,2.0136307907522526
-13.3,2.0843686753807225,2.062515664978545,2.044966795680988,2.029663125223973,2.014146090812722
-13.2,2.085249966107881,2.0634001686931414,2.0457986040579175,2.030373919933414,2.0146450633336057
-13.1,2.0861290744463767,2.0642818792725617,2.0466251019655908,2.031074728058989,2.01512687091341
-13.0,2.0870056610460206,2.065160417445089,2.0474458108435694,2.0317649069288604,2.015590640563465
-12.9,2.087879369269266,2.066035384565572,2.048260228681347,2.032443784352303,2.0160354621585617
-12.8,2.088749824332672,2.0669063616493766,2.0490678288748607,2.0331106572430215,2.0164603868171596
-12.7,2.0896166324026457,2.0677729083549314,2.0498680590236003,2.033764790174433,2.016864425207923
-12.6,2.0904793796427943,2.068634561911909,2.050660339665023,2.034405413863351,2.0172465457791535
-12.5,2.0913376312100542,2.069490835991889,2.0514440629427546,2.0350317235783626,2.0176056729075773
-12.4,2.092190930196607,2.0703412195181734,2.0522185912048743,2.035642877468925,2.0179406849627575
-12.3,2.093038796514372,2.0711851754111863,2.0529832555283343,2.036237994811051,2.018250412283264
-12.2,2.0938807257186856,2.0720221392657017,2.0537373541653645,2.0368161541652072,2.0185336350605585
-12.1,2.094716187767521,2.0728515179558773,2.054480150907422,2.0373763914418044,2.0187890811263784
-12.0,2.095544625712423,2.0736726881638265,2.0552108733620216,2.0379176978694407,2.019015423639234
-11.9,2.0963654543170183,2.0744849948271975,2.0559287111374682,2.038439017860775,2.0192112786654564
-11.8,2.097178058598743,2.075287749500925,2.056632813930242,2.0389392467706466,2.0193752026500325
-11.7,2.0979817922891097,2.0760802286280198,2.0573222895094414,2.039417228540773,2.0195056897723074
-11.6,2.0987759762075453,2.0768616717139317,2.0579962015923856,2.039871753225053,2.019601169181402
-11.5,2.099559896543485,2.0776312793986595,2.058653567605092,2.0403015543891967,2.0196600021060394
-11.4,2.1003328030410757,2.0783882114204184,2.0592933563209814,2.0407053063780562,2.0196804788332505
-11.3,2.1010939070804326,2.0791315844642586,2.0599144853707596,2.0410816214437197,2.0196608155502425
-11.2,2.101842379649012,2.0798604698886063,2.060515818615988,2.041429046727031,2.019599151043511
-11.1,2.1025773491962134,2.0805738913222385,2.061096163378423,2.0417460610848575,2.019493543249095
-11.0,2.1032978993638576,2.081270822123715,2.061654267516695,2.0420310717550065,2.0193419656476466
-10.899999999999999,2.104003066584681,2.0819501826947455,2.062188816341418,2.0422824108503037,2.019142303497831
-10.8,2.104691837540461,2.082610837638443,2.06269842935926,2.0424983316729075,2.018892349901361
-10.7,2.105363146470783,2.0832515927527835,2.063181656835945,2.042677004839488,2.0185898016927966
-10.6,2.106015872322869,2.0838711918489623,2.063636976167542,2.0428165142074612,2.01823225514708
-10.5,2.1066488357321838,2.0844683133836566,2.0640627880487634,2.042914852591953,2.0178172014976
-10.399999999999999,2.107260795822856,2.08504156689346,2.064457412426306,2.0429699172627287,2.017342022257442
-10.3,2.1078504468161365,2.085589489218983,2.064819084224567,2.0429795052097526,2.016803984336373
-10.2,2.108416414434332,2.0861105405052536,2.065145948830284,2.042941308165585,2.016200234945965
-10.1,2.108957252086722,2.086603099964199,2.0654360573218704,2.0428529073722355,2.015527796285222
-10.0,2.109471436823035,2.0870654613839714,2.0656873614283526,2.0427117680795788,2.0147835599990116
-9.899999999999999,2.109957365039014,2.087495828368922,2.0658977082019345,2.042515233761859,2.013964281401577
-9.8,2.110413347917498,2.0878923092928816,2.0660648343872716,2.0422605200382633,2.0130665734574613
-9.7,2.1108376065872587,2.088252911947278,2.0661863604695405,2.0419447082829647,2.0120869005122266
-9.6,2.111228266980537,2.08857553786435,2.066259784382367,2.0415647389094613,2.0110215717655158
-9.5,2.111583354368858,2.088857976294395,2.0662824748555604,2.0411174043134848,2.0098667344791545
-9.399999999999999,2.1119007875552,2.089097897814574,2.066251664381479,2.0405993414581802,2.008618366913325
-9.3,2.112178372699019,2.0892928475452703,2.066164441777649,2.0400070240847197,2.007272270984136
-9.2,2.1124137967488887,2.089440237948394,2.066017744321997,2.0393367545309884,2.005824064636406
-9.1,2.1126046204556714,2.089537341180306,2.065808349435775,2.03858465514048,2.004269173926006
-9.0,2.112748270937169,2.089581280970189,2.065532865887892,2.0377466592430906,2.002602824806802
-8.899999999999999,2.112842033763011,2.0895690239927625,2.065187724492965,2.03681850168909,2.00082003461804
-8.8,2.112883044526299,2.0894973707021594,2.064769168273956,2.035795708917195,1.998915603268982
-8.7,2.1128682798659897,2.0893629455915788,2.0642732420587837,2.0346735885374057,1.996884104118745
-8.6,2.1127945479013786,2.089162186840997,2.0636957814787515,2.0334472184090937,1.9947198745506065
-8.5,2.112658478037176,2.0888913353127654,2.0630324013350987,2.032111435194756,1.9924170062415976
-8.399999999999999,2.1124565100945714,2.088546422852271,2.0622784832984022,2.0306608223699136,1.9899693351299534
-8.3,2.112184882720422,2.088123259848119,2.061429162903973,2.029089697669881,1.9873704310850562
-8.2,2.11183962102313,2.087617422003348,2.0604793158048103,2.027392099954508,1.984613587286792
-8.1,2.1114165233799946,2.087024236266159,2.059423543242143,2.0255617754726742,1.9816918093239198
-8.0,2.110911147356746,2.0863387658654027,2.058256156692055,2.0235921635091416,1.9785978040240106
-7.8999999999999995,2.1103187946756305,2.085555794392731,2.0569711616452544,2.0214763813976138,1.9753239680309125
-7.8,2.1096344951637507,2.0846698088698092,2.0555622404757394,2.019207208885308,1.9718623761494598
-7.699999999999999,2.1088529896084047,2.083674981735352,2.054022734352847,2.016777071836309,1.9682047694814346
-7.6,2.1079687114408627,2.0825651516829904,2.052345624150199,2.014178025263293,1.9643425433814867
-7.5,2.1069757671643967,2.081333803277123,2.050523510304215,2.0114017356801024,1.9602667352670355
-7.3999999999999995,2.1058679154363844,2.0799740452699513,2.048548591574375,2.0084394627711113,1.9559680123220302
-7.3,2.1046385447079685,2.078478587538921,2.0464126426572156,2.005282040377425,1.9514366591409147
-7.199999999999999,2.103280649318057,2.0768397165597827,2.0441069906063514,2.001919856804836,1.9466625653663294
-7.1,2.1017868039314007,2.075049269326518,2.041622490011573,1.9983428344641774,1.9416352133819208
-7.0,2.100149136203085,2.0730986056255194,2.038949496891517,1.994540408861383,1.9363436661302629
-6.9,2.098359297544046,2.070978578567724,2.0360778412565876,1.9905015069622982,1.9307765551353173
-6.799999999999999,2.096408431854223,2.0686795032789864,2.0329967983019,1.9862145249662255,1.9249220688191058
-6.699999999999999,2.0942871420816775,2.066191123645946,2.0296950581941515,1.9816673055324512,1.918767941213395
-6.6,2.09198545445758,2.0635025770121493,2.026160694421755,1.9768471145157487,1.912301441179208
-6.5,2.089492780248386,2.0606023567173857,2.022381130684433,1.971740617280239,1.9055093622599295
-6.4,2.086797874858018,2.0574782723722858,2.018343106307066,1.9663338546761744,1.898378013307615
-6.299999999999999,2.0838887941044546,2.054117407760478,2.014032640173184,1.9606122187813946,1.8908932100369273
-6.199999999999999,2.080752847487097,2.0505060762622844,2.0094349931863764,1.9545604285285338,1.8830402676768088
-6.1,2.0773765482538096,2.046629773697373,2.0045346292834667,1.9481625053607807,1.874803994906568
-6.0,2.0737455600699426,2.0424731284894597,1.9993151750419318,1.9414017490832294,1.866168689280454
-5.9,2.0698446400862855,2.03801984906444,1.9937593779461658,1.9342607141038919,1.8571181343628849
-5.799999999999999,2.065657578199221,2.0332526684049244,1.9878490634033577,1.926721186288373,1.8476355988152435
-5.699999999999999,2.0611671322949783,2.028153285699578,1.981565090630431,1.9187641606852917,1.8377038376943151
-5.6,2.056354959271391,2.022702305045841,1.9748873075693616,1.9103698204158872,1.8273050962419148
-5.5,2.051201541635907,2.0168791711903093,1.9677945050298542,1.9015175170610226,1.8164211164647488
-5.399999999999999,2.045686109488694,2.0106621023234275,1.9602643703065596,1.8921857529221031,1.8050331468227843
-5.299999999999999,2.0397865577158565,2.0040280199853266,1.9522734405734974,1.8823521655792927,1.7931219553630648
-5.199999999999999,2.0334793582413835,1.9969524761890642,1.9437970564219174,1.8719935152208693,1.7806678466535613
-5.1,2.0267394672194032,1.9894095779277334,1.9348093159803699,1.861085675271437,1.767650682887844
-5.0,2.019540227092587,1.9813719093047162,1.925283030138046,1.8496036269039324,1.7540499095455626
-4.899999999999999,2.011853263500757,1.972810451613825,1.9151896794854517,1.837521458080467,1.7398445860053127
-4.799999999999999,2.0036483770987665,1.9636945018003729,1.9044993736909455,1.8248123678296937,1.7250134215147712
-4.699999999999999,1.9948934304381107,1.9539915898579896,1.8931808141484345,1.811448676532842,1.7095348169272653
-4.6,1.9855542301864757,1.9436673958618944,1.8812012608612285,1.7974018430560177,1.693386912613347
-4.5,1.9755944051083065,1.932685667510422,1.868526504670182,1.782642489631684,1.6765476429496309
-4.399999999999999,1.9649752804129113,1.921008139246015,1.8551208460910793,1.7671404354560767,1.6589947977741362
-4.299999999999999,1.9536557493007771,1.9085944542580138,1.8409470821966387,1.7508647400299502,1.6407060911767426
-4.199999999999999,1.9415921428107137,1.895402090935737,1.8259665031620118,1.733783757325482,1.6216592379640489
-4.1,1.9287380993979346,1.881386295644913,1.8101389002880925,1.7158652019099399,1.6018320380989801
-4.0,1.9150444360648609,1.866500024046503,1.793422587522514,1.69707622819409,1.5812024693659312
-3.8999999999999986,1.900459023331478,1.8506938935669568,1.7757744387111065,1.6773835239969668,1.5597487884511385
-3.799999999999999,1.884926666880256,1.8339161500646715,1.757149943028996,1.6567534196249973,1.537449640554585
-3.6999999999999993,1.8683889993516976,1.816112652219388,1.7375032812551547,1.6351520136484028,1.5142841775633886
-3.5999999999999996,1.8507843865099847,1.7972268776982006,1.7167874257603906,1.6125453165169443,1.4902321847168227
-3.5,1.8320478528522173,1.7771999557200089,1.6949542672678253,1.5888994130855958,1.4652742155797611
-3.3999999999999986,1.8121110327054335,1.7559707312427315,1.6719547716062484,1.5641806450136997,1.4393917350144088
-3.299999999999999,1.7909021539456262,1.733475866623186,1.6477391697974995,1.5383558138534672,1.4125672697002987
-3.1999999999999993,1.7683460626792695,1.7096499872318494,1.6222571848838259,1.5113924054503163,1.3847845656004738
-3.0999999999999996,1.7443642985399845,1.6844258781207415,1.5954582988922987,1.4832588360338308,1.3560287516089913
-3.0,1.718875231649356,1.6577347394115725,1.5672920632304752,1.4539247200798417,1.326286508443221
-2.8999999999999986,1.6917942737360734,1.629506508553094,1.5377084555881495,1.4233611596680456,1.295546241666288
-2.799999999999999,1.6630341773474049,1.5996702579408306,1.506658286059893,1.3915410546436613,1.2637982575434434
-2.6999999999999993,1.6325054384445372,1.568154676537167,1.4740936546766865,1.3584394324153972,1.2310349402545864
-2.5999999999999996,1.6001168188436248,1.5348886440014875,1.4399684618169877,1.3240337956872343,1.1972509288077666
-2.5,1.5657760058100272,1.4998019053533331,1.4042389720338349,1.2883044858323043,1.1624432918296368
-2.3999999999999986,1.5293904264605427,1.4628258532510332,1.366864430664554,1.2512350589806007,1.1266116982534844
-2.299999999999999,1.4908682342654318,1.4238944234716877,1.3278077311681458,1.212812671218792,1.0897585817887738
-2.1999999999999993,1.4501194836197138,1.3829451070213274,1.287036129455946,1.1730284686039576,1.0518892969432645
-2.0999999999999996,1.4070575058917816,1.3399200793883241,1.2445219995487087,1.1318779769914415,1.0130122642850856
-2.0,1.3616004962587616,1.294767443696221,1.200243622727774,1.0893614859915948,0.9731391025824933
-1.8999999999999986,1.3136733147080548,1.2474425798617008,1.1541859999877122,1.0454844207260219,0.9322847454480298
-1.799999999999999,1.2632094965649083,1.1979095863127005,1.1063416751023085,1.0002576944791115,0.890467540145343
-1.6999999999999993,1.2101534576185242,1.1461427944282,1.0567115530679376,0.9536980348653702,0.8477093262940008
-1.5999999999999996,1.1544628663220307,1.0921283287654555,1.0053056961959235,0.905828275789127,0.8040354923323577
-1.5,1.096111140791934,1.0358656785832372,0.9521440778195878,0.8566776072918623,0.7594750077716315
-1.3999999999999986,1.0350900118553665,0.9773692385049236,0.8972572716145206,0.8062817753936329,0.7140604294954153
-1.299999999999999,0.9714120759401687,0.9166697688646526,0.8406870530691037,0.7546832242650416,0.6678278806259933
-1.1999999999999993,0.905113244292418,0.8538157199245259,0.7824868888597637,0.7019311735357,0.6208170007887459
-1.0999999999999996,0.8362549793263663,0.788874359408663,0.7227222899497553,0.6480816242677093,0.5730708669540825
-1.0,0.7649261966672273,0.7219326403812681,0.6614710052896635,0.5931972881024548,0.5246358844167286
-0.8999999999999986,0.6912447046366201,0.6530977470930966,0.5988230351652438,0.5373474353196682,0.47556164787789945
-0.7999999999999989,0.6153580535474903,0.5824972606281165,0.534880446574849,0.48060765901105607,0.42590077301899104
-0.6999999999999993,0.5374436769407076,0.5102788944072661,0.4697569775191939,0.42305955423639796,0.37570869938729223
-0.5999999999999996,0.45770822694354196,0.4366097619801554,0.40357742266731983,0.3647903128555881,0.32504346584594457
-0.5,0.376386036495126,0.3616751558371064,0.33647679935650376,0.30589223666215515,0.2739654602627392
-0.3999999999999986,0.2937366813474606,0.2856768355832794,0.268599300039593,0.24646217341987367,0.22253714551638934
-0.29999999999999893,0.21004166231470503,0.20883084571142357,0.2000970447853399,0.1866008823549621,0.17082276427598855
-0.1999999999999993,0.12560027978960633,0.1313649060149667,0.13112865488375447,0.12641233750936895,0.118888025351401
-0.09999999999999964,0.040724823707357714,0.05351543977590213,0.061857675596055026,0.06600297904348479,0.06679977471213737
0.0,0.04426311640354706,0.02447546903163822,0.00754911360058938,0.005480924020774783,0.014625654523453008
0.10000000000000142,0.12901953168311187,0.10235655009974715,0.0769224968468005,0.05504536345508681,0.037566652416804576
0.20000000000000107,0.2131911950217955,0.1798694395475079,0.1460914111544076,0.11546964770141362,0.08971302281631752
0.3000000000000007,0.2964364640716598,0.25676103348530044,0.2148867609963925,0.17568704605615268,0.14175145490992705
0.40000000000000036,0.37843212110496316,0.33278790066985203,0.28314357671148155,0.2355941386847749,0.19362038894927688
0.5,0.45887911242552104,0.407719801827662,0.35070276037733694,0.2950896856772005,0.24525893102025423
0.6000000000000014,0.5375072410556259,0.4813427528585039,0.41741268724081254,0.35407531209412224,0.2966070916015511
0.7000000000000011,0.614078674428048,0.5534615474770768,0.4831306278699929,0.41245615133151525,0.3476060198248709
0.8000000000000007,0.6883902110299803,0.6239016858527273,0.5477239637040562,0.4701414381856009,0.3981982321376977
0.9000000000000004,0.7602743279102591,0.692510687589028,0.611071176963678,0.527045044177709,0.4483278339858863
1.0,0.8295990978628779,0.7591587974658414,0.6730626044463927,0.5830859490232095,0.4979407330534154
1.1000000000000014,0.8962671163675507,0.8237391187025224,0.7336009530888464,0.6381886435577716,0.5469848425299376
1.1999999999999993,0.9602136119058402,0.8861672296503913,0.7926015829095122,0.6922834609223303,0.5954102728325552
1.3000000000000007,1.0214039292678811,0.9463803550089194,0.849992569713156,0.745306834309358,0.6431695101947951
1.4000000000000021,1.0798305759009035,1.0043361717425425,0.9057145655037008,0.7972014810427012,0.6902175805596442
1.5,1.1355100093599153,1.0600113332487813,0.9597204787813359,0.8479165141600973,0.7365121972795232
1.6000000000000014,1.1884793231421218,1.11339979378045,1.011974999757941,0.8974074839546107,0.7820138912363529
1.6999999999999993,1.2387929622204055,1.1645110096779512,1.06245399706428,0.9456363530780366,0.8266861221493514
1.8000000000000007,1.2865195716081312,1.2133680857322853,1.1111438128637747,0.9925714097921042,0.8704953700343476
1.9000000000000021,1.331739053806339,1.2600059250520899,1.1580404825999628,1.0381871247555097,0.9134112060111483
2.0,1.3745398857971705,1.3044694301051076,1.203148904085754,1.0824639573481183,0.9554063419184307
2.1000000000000014,1.4150167244537182,1.3468117919290863,1.2464819784991565,1.1253881179564147,0.9964566584802149
2.1999999999999993,1.4532683113481724,1.3870928944495649,1.288059743284024,1.166951292882094,1.0365412120651738
2.3000000000000007,1.4893956740157426,1.4253778518028581,1.3279085141501115,1.2071503385998674,1.0756422203802427
2.400000000000002,1.5235006105151994,1.4617356887731021,1.3660600504836766,1.2459869519970461,1.1137450277334093
2.5,1.5556844371718395,1.4962381680047294,1.4025507556491186,1.2834673229961813,1.1508380507784772
2.6000000000000014,1.5860469751579218,1.528958762531421,1.4374209209838835,1.3196017756148164,1.1869127059087028
2.6999999999999993,1.6146857495055686,1.5599717682804528,1.470714019835076,1.354404403076551,1.2219633196898538
2.8000000000000007,1.641695373736167,1.5893515484319318,1.5024760558024082,1.3878927020785181,1.2559870239112605
2.900000000000002,1.6671670940677992,1.6171718996763507,1.5327549674614998,1.4200872107641986,1.288983636981983
3.0,1.6911884687416259,1.643505529356289,1.5616000902495724,1.4510111543684432,1.3209555335066752
3.1000000000000014,1.713843160078716,1.6684236320396806,1.5890616748933095,1.480690101911963,1.3519075039413901
3.1999999999999993,1.735210819201271,1.6919955541079754,1.6151904607276355,1.5091516367417281,1.3818466062548034
3.3000000000000007,1.7553670457497719,1.7142885353260358,1.6400373014691283,1.5364250431549664,1.4107820115073653
3.400000000000002,1.7743834072758795,1.735367516984816,1.6636528404398232,1.5625410108183555,1.438724845213086
3.5,1.7923275052077925,1.7552950069858024,1.686087231856149,1.587531358208549,1.4656880262703016
3.6000000000000014,1.8092630763205064,1.7741309930989333,1.7073899045736236,1.6114287758606287,1.4916861051434247
3.6999999999999993,1.8252501204727294,1.7919328965206403,1.7276093645824566,1.6342665898207223,1.5167351028523868
3.8000000000000007,1.8403450469872518,1.8087555587470432,1.7467930325563488,1.6560785453589708,1.5408523521853292
3.900000000000002,1.8546008334564144,1.8246512556317012,1.7649871128433268,1.6768986107089088,1.5640563423978444
4.0,1.8680671919608143,1.8396697332996763,1.782236490433303,1.6967608003573447,1.5863665685035402
4.100000000000001,1.8807907387139229,1.8538582613288985,1.7985846526250349,1.7156990172123674,1.6078033860999381
4.200000000000003,1.8928151640063395,1.8672616992805169,1.8140736323309585,1.7337469128226102,1.6283878725145575
4.300000000000001,1.9041814000403545,1.8799225732606226,1.8287439701904464,1.7509377647045619,1.6481416949016623
4.400000000000002,1.9149277848368733,1.8918811597277085,1.8426346929009931,1.7673043697523256,1.6670869857730939
4.5,1.9250902208803564,1.9031755742269048,1.8557833054155743,1.7828789526515585,1.6852462263090473
4.600000000000001,1.9347023275592408,1.9138418631378618,1.8682257948874559,1.7976930881922661,1.7026421376680585
4.700000000000003,1.9437955867737537,1.9239140968733,1.8799966444671181,1.8117776363696074,1.71929758040082
4.800000000000001,1.9523994813328571,1.933424463265235,1.8911288552669747,1.8251626891742727,1.7352354619704333
4.900000000000002,1.9605416259581712,1.9424033601311028,1.9016539750064707,1.8378775280007726,1.7504786522924316
5.0,1.9682478908646923,1.9508794862277599,1.911602132031964,1.8499505906401517,1.7650499071312475
5.100000000000001,1.975542518003948,1.9588799299825426,1.9210020735722177,1.8614094468704125,1.778971799125434
5.200000000000003,1.9824482301416735,1.9664302555417583,1.9298812072414087,1.8722807817109144,1.7922666561610985
5.300000000000001,1.9889863330049184,1.9735545858023422,1.938265644937783,1.882590385464184,1.8049565067710935
5.400000000000002,1.9951768107773835,1.980275682195566,1.946180248408137,1.8923631497281668,1.8170630322054604
5.5,2.001038415250635,1.9866150210759603,1.953648675856989,1.9016230686225306,1.8286075247956513
5.600000000000001,2.0065887489559384,1.9925928666368664,1.9606934290756115,1.9103932445330487,1.8396108522200536
5.700000000000003,2.0118443426093418,1.9982283403287648,1.9673359006509525,1.91869589773734,1.850093427270434
5.800000000000001,2.0168207272035286,2.003539486799947,1.9735964208889274,1.9265523793326986,1.8600751827170614
5.900000000000002,2.0215325010755167,2.008543336412998,1.9794943041515476,1.9339831869417285,1.8695755508736283
6.0,2.0259933922709243,2.0132559644166648,1.985047894363838,1.9410079827237217,1.8786134474707354
6.100000000000001,2.030216316514393,2.0176925468722127,1.9902746094953474,1.9476456132688662,1.8872072594579075
6.200000000000003,2.0342134310826276,2.0218674134476236,1.9951909848631262,1.9539141309982653,1.8953748363681044
6.300000000000001,2.037996184862213,2.025794097202835,1.9998127151390968,1.959830816735379,1.9031334848948567
6.400000000000002,2.0415753648593022,2.0294853814955505,2.004154694975476,1.9654122031538097,1.9104999663499005
6.5,2.044961139412959,2.0329533441406205,2.0082310581879645,1.9706740988424254,1.9174904966880268
6.600000000000001,2.0481630983486165,2.0362093989571957,2.0120552154584055,1.97563161276176,1.9241207488053653
6.700000000000003,2.0511902902930728,2.039264334837276,2.0156398905370043,1.9802991788955362,1.9304058568370692
6.800000000000001,2.054051257357831,2.042128352467286,2.0189971549395094,1.9846905809282358,1.9363604222001782
6.900000000000002,2.0567540673835185,2.044811098831268,2.0221384611473736,1.988818976804002,1.941998521146866
7.0,2.059306343924687,2.047321699620442,2.0250746743291845,1.9926969230440306,1.947333713612335
7.100000000000001,2.061715294141553,2.0496687896694583,2.027816102609991,1.9963363987191218,1.9523790531599443
7.200000000000003,2.0639877347531947,2.051860541534851,2.030372525921699,1.9997488289914453,1.9571470978437984
7.300000000000001,2.066130116195401,2.0539046923261433,2.0327532234728825,2.002945108154954,1.9616499218257415
7.400000000000002,2.068148545115763,2.0558085688948218,2.034966999880212,2.005935622117477,1.9658991275995583
7.5,2.0700488053287,2.057579111481172,2.0370222100065742,2.0087302702794663,1.9699058586900575
7.600000000000001,2.071836377343856,2.059222895913712,2.038926782552902,2.0113384867748008,1.9736808127086276
7.700000000000003,2.073516456572749,2.0607461544508276,2.040688242451956,2.0137692610481857,1.9772342546597979
7.800000000000001,2.075093970310555,2.0621547953491786,2.0423137321129214,2.016031157751562,1.9805760304053266
7.900000000000002,2.076573593582553,2.063454421238584,2.0438100315657626,2.018132335948759,1.9837155802033761
8.0,2.0779597639378964,2.0646503463783956,2.0451835775539786,2.0200805676234554,1.986661952250507
8.100000000000001,2.0792566952670652,2.0657476128658607,2.046440481623745,2.0218832554905166,1.9894238161634674
8.200000000000003,2.080468390713526,2.0667510058626983,2.0475865472565054,2.0235474501149566,1.9920094763462532
8.3,2.0815986547447074,2.0676650679020048,2.04862728609094,2.0250798663463483,1.9944268851955655
8.400000000000002,2.0826511044424554,2.0684941123337297,2.0495679332789463,2.026486899079409,1.9966836561047474
8.5,2.0836291800685207,2.0692422359632956,2.050413462018843,2.0277746383539297,1.998787076232563
8.600000000000001,2.0845361549564276,2.069913330934455,2.0511685973074973,2.028948883809159,2.0007441190087842
8.700000000000003,2.0853751447771463,2.070511095904226,2.0518378289515202,2.030015158509307,2.002561456353617
8.8,2.086149116222434,2.071039046554647,2.0524254238760467,2.03097872215804,2.004245470592469
8.900000000000002,2.0868608951463807,2.071500525483223,2.0529354377680367,2.031844583720742,2.0058022660515857
9.0,2.087513174202643,2.071898711511211,2.0533717260893756,2.0326175134739484,2.0072376803235836
9.100000000000001,2.088108520012075,2.0722366284463387,2.053737954493482,2.03330205450179,2.0085572951950645
9.200000000000003,2.0886493798928387,2.0725171533341924,2.0540376086775294,2.0339025336594996,2.009766447231206
9.3,2.0891380881827195,2.0727430242302405,2.0542740037008675,2.0344230720240932,2.0108702380146277
9.400000000000002,2.089576872181172,2.072916847522412,2.0544502927987,2.0348675948522756,2.0118735440379156
9.5,2.0899678577365934,2.0730411048321713,2.05456947571863,2.0352398410654233,2.0127810262509676
9.600000000000001,2.0903130745024567,2.073118159520208,2.054634406606281,2.035543372281208,2.013597139265893
9.700000000000003,2.090614460884218,2.073150262821176,2.0546478014648195,2.0357815814110793,2.01432614022349
9.8,2.09087386869733,2.0731395596302944,2.0546122452119255,2.0359577008423675,2.0149720973264547
9.900000000000002,2.091093067555223,2.073088093963177,2.054530198356485,2.0360748102233392,2.0155388980453903
10.0,2.09127374900476,2.0729978141088288,2.0544040033160917,2.0361358438689656,2.0160302570044704
10.100000000000001,2.091417530425449,2.072870577494489,2.054235890395298,2.0361435978046725,2.016449723554225
10.200000000000003,2.09152595870751,2.072708155279773,2.0540279834434694,2.036100736464736,2.0168006890394157
10.3,2.0916005137228604,2.072512236696444,2.053782305210048,2.0360097990614348,2.0170863937703567
10.400000000000002,2.0916426116020843,2.072284433149099,2.0535007824140576,2.035873205640461,2.0173099337063296
10.5,2.0916536078295493,2.0720262820910746,2.0531852505437405,2.03569326283752,2.01747426685994
10.600000000000001,2.091634800167978,2.0717392506889465,2.0528374584013154,2.035472169350451,2.0175822194313877
10.700000000000003,2.0915874314230396,2.071424739288168,2.0524590724070326,2.035212021140611,2.0176364916816945
10.8,2.0915126920577634,2.0710840846915834,2.052051680675874,2.034914816376708,2.0176396635539335
10.900000000000002,2.0914117226659394,2.070718563261797,2.051616796879503,2.0345824601336795,2.017594200051473
11.0,2.0912856163130553,2.07032939385772,2.051155863905369,2.034216768858679,2.0175024563821564
11.100000000000001,2.0911354207527157,2.0699177406149265,2.050670257324172,2.033819474615693,2.017366682877227
11.200000000000003,2.090962140526001,2.0694847155788834,2.050161288676271,2.0333922291197633,2.017189029693672
11.3,2.090766738950701,2.069031381199527,2.049630208587019,2.0329366075713247,2.0169715513084734
11.400000000000002,2.090550140006918,2.068558752695151,2.0490782097204288,2.0324541123006385,2.0167162108130827
11.5,2.0903132301250955,2.068067800293066,2.048506429580054,2.0319461762318434,2.016424884016224
11.600000000000001,2.090056859882159,2.0675594513540414,2.047915953165442,2.0314141661757033,2.0160993633629096
11.700000000000003,2.0897818456110566,2.0670345923870923,2.0473078154920668,2.0308593859596646,2.015741361677342
11.8,2.089488970928687,2.0664940709608004,2.046683003982177,2.030283079403444,2.015352515737126
11.900000000000002,2.0891789881868426,2.0659386975169594,2.046042460733577,2.0296864331479414,2.014934389685988
12.0,2.0888526198505413,2.0653692470919833,2.045387084672979,2.0290705793448964,2.0144884782919603
12.100000000000001,2.0885105598078244,2.0647864609512143,2.0447177336001494,2.0284365982143493,2.0140162100577403
12.200000000000003,2.0881534746148405,2.0641910481409225,2.0440352261287638,2.0277855204765793,2.0135189501897055
12.3,2.0877820046798194,2.0635836869625312,2.0433403435295108,2.0271183296649022,2.0129980034318136
12.400000000000002,2.087396765389291,2.062965026373324,2.0426338314807033,2.0264359643253473,2.0124546167703943
12.5,2.086998348179722,2.0623356873176233,2.0419164017313345,2.0257393201089497,2.0118899820155947
12.600000000000001,2.086587321557534,2.0616962639922165,2.0411887336812566,2.0250292517621005,2.011305238265027
12.700000000000003,2.0861642320702996,2.061047325049579,2.040451475882883,2.0243065750201072,2.010701474254927
12.8,2.0857296052317285,2.0603894147422146,2.0397052474685773,2.0235720684088707,2.0100797306039295
12.900000000000002,2.0852839464029245,2.0597230540112728,2.0389506395076555,2.0228264749593077,2.0094410019543454
13.0,2.084827741632222,2.059048741522401,2.0381882162967075,2.022070503838953,2.008786239015623
13.100000000000001,2.0843614584557844,2.058366954651617,2.0374185165867407,2.021304831904884,2.0081163505144772
13.200000000000003,2.0838855466610324,2.0576781504238335,2.0366420547504496,2.020530105181959,2.007432205055971
13.3,2.0834004390148175,2.056982766406527,2.03585932189274,2.019746940270124,2.0067346328996547
13.400000000000002,2.082906551958185,2.056281221560869,2.0350707869074482,2.0189559256843372,2.006024427654685
13.5,2.0824042862694285,2.0555739170525467,2.0342768974830525,2.018157623130509,2.0053023478976657
13.600000000000001,2.0818940276970648,2.0548612370243426,2.0334780810600055,2.0173525687206544,2.004569118716796
13.700000000000003,2.0813761475642547,2.054143549332447,2.0326747457421783,2.0165412741303,2.003825433185738
13.8,2.080851003346112,2.0534212062483554,2.0318672811647738,2.0157242277010265,2.003071953770476
13.900000000000002,2.080318939221259,2.0526945451281007,2.031056059320922,2.014901895490885,2.002309313672273
14.0,2.079780286598924,2.0519638890504885,2.0302414353490805,2.014074722275268,2.0015381181097003
14.100000000000001,2.079235364622771,2.051229547425881,2.029423748283213,2.013243132500711,2.0007589455425783
14.200000000000003,2.07868448065264,2.050491816577028,2.028603321767636,2.01240753119394,1.9999723488405305
14.3,2.078127930725255,2.049750980293332,2.0277804647383166,2.011568304828386,1.9991788563987245
14.400000000000002,2.077565999994938,2.049007310359871,2.0269554720722995,2.0107258221502584,1.9983789732032677
14.5,2.076998963155293,2.0482610670624353,2.0261286252068653,2.00988043496617,1.9975731818485958
14.600000000000001,2.076427084842784,2.047512499669751,2.025300192729929,2.0090324788942024,1.9967619435090878
14.700000000000003,2.0758506200230653,2.046761846894028,2.024470430943099,2.0081822740801942,1.9959456988670412
14.8,2.075269814360893,2.0460093373308714,2.0236395843987705,2.007330125880965,1.9951248689990313
14.900000000000002,2.0746849045743905,2.045255189879582,2.0228078864125085,2.0064763255160663,1.9942998562225918
15.0,2.0740961187744147,2.0444996141447738,2.02197555955196,2.0056211506896133,1.9934710449050574
