Slip Ratio,FZ = 300 N,FZ = 500 N,FZ = 700 N,FZ = 900 N,FZ = 1100 N
-0.3,-477.88277317454504,-1072.146463122987,-1466.8839959625611,-2038.036687306427,-1595.9424568082302
-0.298,-483.47719912035586,-1072.0606912070157,-1467.6117252815438,-2038.0236661871556,-1628.4096120538711
-0.296,-488.924791391141,-1071.9827304746761,-1468.3551607813074,-2037.9996768001693,-1660.0290966624877
-0.294,-494.22716796470064,-1071.9127666991842,-1469.1144536811767,-2037.965636072683,-1690.8054238043385
-0.292,-499.3860213027075,-1071.8509845457045,-1469.8897529178255,-2037.9224504876047,-1720.7440406947528
-0.29,-504.4031134295624,-1071.7975674046395,-1470.6812048104093,-2037.8710156530033,-1749.8512765840046
-0.288,-509.2802711029513,-1071.752697211195,-1471.4889527003077,-2037.8122158342114,-1778.1342908281295
-0.286,-514.0193810826099,-1071.7165542502548,-1472.3131365637075,-2037.7469234456878,-1805.6010212288766
-0.284,-518.6223855030021,-1071.6893169455159,-1473.1538925951056,-2037.6759984995817,-1832.2601328154024
-0.282,-523.091277354834,-1071.6711616317696,-1474.0113527596964,-2037.6002880077106,-1858.1209672247578
-0.27999999999999997,-527.428096079589,-1071.6622623091325,-1474.8856443124484,-2037.5206253334288,-1883.1934928229475
-0.27799999999999997,-531.6349232805348,-1071.6627903779483,-1475.7768892815313,-2037.4378294896285,-1907.4882556930309
-0.27599999999999997,-535.7138785529655,-1071.6729143529838,-1476.6852039135729,-2037.3527043788276,-1931.0163316019916
-0.27399999999999997,-539.6671154357757,-1071.6927995554545,-1477.6106980780653,-2037.2660379710246,-1953.7892790436454
-0.27199999999999996,-543.4968174858319,-1071.7226077813023,-1478.5534746280257,-2037.1786014146771,-1975.8190934408235
-0.27,-547.2051944759954,-1071.7624969440403,-1479.5136287138284,-2037.0911480758382,-1997.1181625767183
-0.268,-550.7944787170866,-1071.8126206903555,-1480.4912470468892,-2037.0044125001134,-2017.6992233123326
-0.266,-554.266921503519,-1071.8731279865303,-1481.4864071096588,-2036.9191092917267,-2037.5753196347075
-0.264,-557.624789681838,-1071.9441626736143,-1482.4991763081107,-2036.8359319035594,-2056.7597620689744
-0.262,-560.8703623408837,-1072.0258629891098,-1483.5296110626487,-2036.7555513315826,-2075.266088476275
-0.26,-564.0059276218602,-1072.1183610527937,-1484.577755833053,-2036.678614706626,-2093.108026249196
-0.258,-567.0337796461421,-1072.2217823141157,-1485.6436420727778,-2036.605743775909,-2110.2994559066847
-0.256,-569.9562155582455,-1072.3362449584265,-1486.727287107563,-2036.537533266202,-2126.8543760813463
-0.254,-572.7755326810056,-1072.461859269102,-1487.8286929329665,-2036.4745491198996,-2142.7868698835755
-0.252,-575.4940257796304,-1072.5987269424058,-1488.9478449250282,-2036.4173265946324,-2158.1110726191077
-0.25,-578.1139844309658,-1072.7469403517057,-1490.0847104578536,-2036.3663682163758,-2172.841140829401
-0.248,-580.6376904939701,-1072.9065817574249,-1491.2392374214576,-2036.3221415752573,-2186.9912226175306
-0.246,-583.0674156770986,-1073.0777224588276,-1492.4113526327258,-2036.2850769524812,-2200.5754292161046
-0.244,-585.4054191979948,-1073.2604218834745,-1493.6009601318192,-2036.2555647659324,-2213.6078077481325
-0.242,-587.6539455306136,-1073.454726609862,-1494.807939355807,-2036.2339528211116,-2226.1023151265094
-0.24,-589.8152222346246,-1073.660669318453,-1496.0321431806942,-2036.220543353063,-2238.0727930331013
-0.238,-591.8914578616888,-1073.8782676659373,-1497.2733958223832,-2036.215589843911,-2249.532943913978
-0.236,-593.8848399329496,-1074.1075230771987,-1498.5314905864068,-2036.2192935994833,-2260.4963079234144
-0.23399999999999999,-595.797532981829,-1074.3484194490597,-1499.8061874555358,-2036.231800067292,-2270.976240745551
-0.23199999999999998,-597.6316766559769,-1074.6009217594367,-1501.0972105035682,-2036.2531948768365,-2280.985892219218
-0.22999999999999998,-599.3893838719812,-1074.864974575084,-1502.4042451227558,-2036.2834995818057,-2290.5381856882846
-0.22799999999999998,-601.0727390161975,-1075.1405004506007,-1503.7269350514143,-2036.3226670822596,-2299.6457979969578
-0.22599999999999998,-602.6837961848128,-1075.4273982108473,-1505.0648791872766,-2036.3705767032698,-2308.3211400466794
-0.22399999999999998,-604.2245774560033,-1075.7255411083402,-1506.4176281711157,-2036.427028904802,-2316.5763378286697
-0.22199999999999998,-605.6970711867865,-1076.0347748465904,-1507.7846807240314,-2036.4917395957712,-2324.423213843647
-0.21999999999999997,-607.1032303268948,-1076.3549154596842,-1509.1654797205977,-2036.5643340232778,-2331.8732688178466
-0.21799999999999997,-608.444970741715,-1076.6857470377142,-1510.5594079787923,-2036.6443402059176,-2338.937663622077
-0.21599999999999997,-609.7241695360406,-1077.027019286906,-1511.9657837462478,-2036.731181877856,-2345.627201298217
-0.21399999999999997,-610.9426633700668,-1077.3784449124905,-1513.3838558609132,-2036.8241709079798,-2351.95230909524
-0.212,-612.1022467587229,-1077.7396968115067,-1514.8127985626393,-2036.9224991559115,-2357.9230204144756
-0.21,-613.2046703450791,-1078.1104050618037,-1516.2517059305478,-2037.0252297240045,-2363.548956561472
-0.208,-614.2516391381841,-1078.490153692527,-1517.6995859192598,-2037.1312875615772,-2368.8393081993754
-0.206,-615.2448107052812,-1078.8784772203333,-1519.1553539651857,-2037.2394493746408,-2373.802816396291
-0.204,-616.1857933079062,-1079.274856934454,-1520.6178261320536,-2037.3483327911756,-2378.4477531565394
-0.20199999999999999,-617.0761439709115,-1079.678716912549,-1522.085711762748,-2037.456384728648,-2382.781901323161
-0.19999999999999998,-617.9173664729406,-1080.0894197480175,-1523.5576056022524,-2037.5618689069136,-2386.8125337363576
-0.19799999999999998,-618.7109092463496,-1080.506261968104,-1525.0319793541235,-2037.6628524459172,-2390.5463915299133
-0.19599999999999998,-619.458163173979,-1080.928469120694,-1526.5071726303943,-2037.7571914836988,-2393.989661444944
-0.194,-620.1604592695613,-1081.3551905062034,-1527.9813832521495,-2037.8425157461322,-2397.1479520376593
-0.192,-620.8190662278826,-1081.7854935293522,-1529.4526568552383,-2037.916211995583,-2400.0262686552
-0.19,-621.4351878300929,-1082.2183576439375,-1530.918875752654,-2037.9754062812624,-2402.628987051131
-0.188,-622.0099601888114,-1082.6526678619396,-1532.3777470020634,-2038.0169449095395,-2404.959825509813
-0.186,-622.5444488168459,-1083.087207796425,-1533.8267896237926,-2038.0373740478103,-2407.0218153468154
-0.184,-623.0396455024854,-1083.5206522057633,-1535.2633209112685,-2038.0329178708082,-2408.81726965078
-0.182,-623.4964649734102,-1083.951559004614,-1536.684441772533,-2037.999455153471,-2410.347750130893
-0.18,-623.9157413302826,-1084.3783607050216,-1538.0870210379398,-2037.9324942097055,-2411.6140319334277
-0.178,-624.2982242300651,-1084.7993552487462,-1539.467678665605,-2037.8271460717144,-2412.616066290914
-0.176,-624.6445747980224,-1085.2126961896697,-1540.82276777258,-2037.678095799984,-2413.3529408685395
-0.174,-624.955361246242,-1085.6163821827822,-1542.1483554161236,-2037.4795718097105,-2413.822837674549
-0.172,-625.2310541753164,-1086.0082457338674,-1543.440202045889,-2037.2253130954798,-2414.0229884050877
-0.16999999999999998,-625.4720215346117,-1086.3859411615801,-1544.6937395443786,-2036.9085342324886,-2413.9496270992377
-0.16799999999999998,-625.6785232152664,-1086.7469317211924,-1545.9040477697163,-2036.5218880297375,-2413.597939987416
-0.16599999999999998,-625.8507052487732,-1087.0884758368795,-1547.065829511706,-2036.0574257085611,-2412.962012426151
-0.16399999999999998,-625.9885935826563,-1087.4076123870707,-1548.1733837694237,-2035.5065544788247,-2412.034772824975
-0.16199999999999998,-626.0920874034196,-1087.7011449851366,-1549.2205772562722,-2034.8599923853938,-2410.807933487268
-0.15999999999999998,-626.160951975596,-1087.9656251955912,-1550.2008140367216,-2034.1077202993151,-2409.2719283069696
-0.15799999999999997,-626.1948109644023,-1088.1973346240857,-1551.1070031979668,-2033.2389309319492,-2407.4158472876434
-0.15599999999999997,-626.1931382082165,-1088.3922658178647,-1551.9315244596626,-2032.2419747563952,-2405.2273678803012
-0.154,-626.1552489058771,-1088.5461019121096,-1552.6661916259582,-2031.1043027294909,-2402.6926831723144
-0.152,-626.0802901826723,-1088.6541949568161,-1553.3022137865084,-2029.812405719907,-2399.7964270025477
-0.15,-625.9672309979092,-1088.7115428586683,-1553.8301541772557,-2028.3517505640423,-2396.521596128541
-0.148,-625.8148513561309,-1088.7127648729027,-1554.239886617909,-2026.7067126922523,-2392.8494696310518
-0.146,-625.621730783485,-1088.6520755815825,-1554.520549451589,-2024.8605052941361,-2388.759525810704
-0.144,-625.3862360304537,-1088.5232572972063,-1554.6604969234554,-2022.795105024113,-2384.229356912032
-0.142,-625.1065079622542,-1088.3196308343556,-1554.6472479498527,-2020.491174288244,-2379.234582102996
-0.13999999999999999,-624.7804475987502,-1088.0340245974264,-1554.467432248105,-2017.9279802013361,-2373.748759244438
-0.13799999999999998,-624.4057012668128,-1087.6587419396305,-1554.10673382025,-2015.0833103609416,-2367.7432961050868
-0.13599999999999998,-623.9796448298282,-1087.1855267577519,-1553.5498318123937,-2011.9333856533024,-2361.187361814935
-0.13399999999999998,-623.4993669616107,-1086.60552729895,-1552.7803388058471,-2008.4527703868998,-2354.0477995042584
-0.13199999999999998,-622.9616514354793,-1085.9092581706223,-1551.7807366375657,-2004.61428014367,-2346.2890412482243
-0.12999999999999998,-622.3629584038933,-1085.0865605624444,-1550.5323098967176,-2000.3888878475923,-2337.8730266289253
-0.12799999999999997,-621.6994046499759,-1084.1265607117089,-1549.0150773024002,-1995.745628677005,-2328.759126438238
-0.12599999999999997,-620.9667427997324,-1083.0176266695314,-1547.2077212358083,-1990.6515045922179,-2318.904073276465
-0.124,-620.1603394930279,-1081.7473234570425,-1545.0875157796688,-1985.0713894154758,-2308.2619010529256
-0.122,-619.2751525226937,-1080.302366737964,-1542.63025370977,-1978.9679355876058,-2296.7838956645387
-0.12,-618.305706964802,-1078.6685751777452,-1539.8101729891714,-1972.301483936124,-2284.4185594153437
-0.118,-617.2460703395111,-1076.8308217104682,-1536.5998834365118,-1965.029978024337,-2271.111592040876
-0.11599999999999999,-616.0898268612968,-1074.7729839938113,-1532.9702943768782,-1957.108884910732,-2256.805891512545
-0.11399999999999999,-614.8300508602628,-1072.477894400354,-1528.890544238198,-1948.491124432896,-2241.44157811303
-0.11199999999999999,-613.4592794829582,-1069.927289971227,-1524.327933228947,-1939.127009439754,-2224.9560455871774
-0.10999999999999999,-611.9694848122042,-1067.1017628463878,-1519.2478604248995,-1928.9641997285453,-2207.2840434747623
-0.10799999999999998,-610.3520455812568,-1063.9807117853884,-1513.6137668039796,-1917.9476727959293,-2188.357795010571
-0.10599999999999998,-608.5977186987266,-1060.542295504087,-1507.3870859989095,-1906.0197148816562,-2168.10715521981
-0.10399999999999998,-606.6966108474714,-1056.7633886768256,-1500.5272047864335,-1893.1199361623321,-2146.459814026674
-0.10199999999999998,-604.6381504736158,-1052.6195415904713,-1492.991435597832,-1879.1853143336937,-2123.341549312062
-0.09999999999999998,-602.4110605413508,-1048.084944586396,-1484.7350036155153,-1864.1502711917203,-2098.6765348814506
-0.09799999999999998,-600.0033324955325,-1043.1323985885374,-1475.7110513107539,-1847.9467871722884,-2072.3877082117124
-0.09599999999999997,-597.4022019475724,-1037.733293189263,-1465.8706635725723,-1830.5045591189619,-2044.397202610136
-0.09399999999999997,-594.5941266807528,-1031.8575939482675,-1455.1629168701684,-1811.7512067987245,-2014.6268480122865
-0.09199999999999997,-591.5647676588167,-1025.4738407508796,-1443.5349561715643,-1791.612533851856,-1982.9987440392863
-0.09,-588.2989738160715,-1018.5491592676137,-1430.93210359779,-1770.0128489171723,-1949.4359081016203
-0.088,-584.7807715076422,-1011.0492877522114,-1417.2980030103765,-1746.8753525861507,-1913.8630002497705
-0.086,-580.9933596038084,-1002.9386216050217,-1402.5748048932596,-1722.1225955747796,-1876.2071251099035
-0.08399999999999999,-576.919111320977,-994.1802783052359,-1386.7033959782839,-1695.677013023593,-1836.3987095895116
-0.08199999999999999,-572.5395839916442,-984.7361854703504,-1369.623678053651,-1667.4615391065101,-1794.3724530864495
-0.07999999999999999,-567.8355380838349,-974.5671949237121,-1351.2749002614107,-1637.4003051105012,-1750.0683446895925
-0.07799999999999999,-562.786966883383,-963.6332257286539,-1331.596048905886,-1605.419422806231,-1703.432739339516
-0.07599999999999998,-557.3731383455688,-951.8934391662302,-1310.5262983308694,-1571.4478532356939,-1654.4194821596018
-0.07399999999999998,-551.5726507006239,-939.3064485768964,-1288.0055257501424,-1535.4183589762827,-1602.9910672281314
-0.07199999999999998,-545.3635034540541,-925.8305668370023,-1263.9748920053357,-1497.2685354942712,-1549.1198140185666
-0.06999999999999998,-538.7231854501548,-911.4240939800663,-1238.3774890522918,-1456.9419143836817,-1492.789041689057
-0.06799999999999998,-531.6287816570584,-896.0456470812353,-1211.1590535223283,-1414.3891281294689,-1433.9942184767992
-0.06599999999999998,-524.0571002748125,-879.6545339823249,-1182.2687439567446,-1369.5691225926419,-1372.7440607914177
-0.06399999999999997,-515.9848216542589,-862.2111717271135,-1151.6599772714292,-1322.4503997738136,-1309.0615543638473
-0.06199999999999997,-507.3886703333548,-843.6775496876767,-1119.2913176880331,-1273.0122696863075,-1242.9848681625535
-0.06,-498.2456112384929,-824.0177362827923,-1085.12740880121,-1221.2460865078126,-1174.568130908172
-0.057999999999999996,-488.53307075133057,-803.198426915503,-1049.1399366911287,-1167.156440758107,-1103.8820400622494
-0.055999999999999994,-478.229182897795,-781.1895292941807,-1011.308609113389,-1110.7622762731894,-1031.014274275945
-0.05399999999999999,-467.31306036858723,-757.9647806659913,-971.6221329055384,-1052.0978984347157,-956.0696825661153
-0.05199999999999999,-455.7650894259985,-733.5023897124253,-930.0791689661016,-991.2138386969401,-879.1702269977213
-0.04999999999999999,-443.5672469906719,-707.7856939769582,-886.6892416358071,-928.1775401530953,-800.4546603925023
-0.04799999999999999,-430.70343733998686,-680.8038217740401,-841.473577206864,-863.0738298970216,-720.0779264859433
-0.045999999999999985,-417.15984489933027,-652.5523456416007,-794.4658447804487,-796.0051464186938,-638.210276876048
-0.043999999999999984,-402.92529858856386,-623.033912636363,-745.7127719618624,-727.0914943168762,-555.0361068331761
-0.04199999999999998,-387.99164212673253,-592.2588352357675,-695.2746080926637,-656.4701042317482,-470.75252028729994
-0.03999999999999998,-372.35410363545543,-560.2456254146472,-643.225409010037,-584.294783014573,-385.5676427384149
-0.03799999999999998,-356.0116568611587,-527.0214537251013,-589.6531197964056,-510.73494757799887,-299.6987090697542
-0.035999999999999976,-338.9673654117703,-492.6225150369733,-534.6594356831439,-435.97434532417526,-213.3699608878955
-0.033999999999999975,-321.22870063437654,-457.094283094769,-478.35942618055446,-360.2094741485226,-126.81039468383895
-0.03199999999999997,-302.80782320993484,-420.49163729426806,-420.8809135252829,-283.6477253070999,-40.24969216932276
-0.02999999999999997,-283.7218182729871,-382.8788471272186,-362.36360348908823,-206.50528240612,46.089238651683566
-0.02799999999999997,-263.992873937905,-344.3294025944054,-302.9579742244444,-129.00481889614858,131.98738281715885
-0.025999999999999968,-243.64839357904168,-304.92568250831926,-242.82393680922593,-51.372944708875224,217.23008061925242
-0.023999999999999966,-222.72103310661788,-264.7584569076876,-182.12928911898925,26.165596940291692,301.6090898452141
-0.021999999999999964,-201.2486558203304,-223.92622464644748,-121.04799219602967,103.39115824821309,384.9245173704747
-0.019999999999999962,-179.274199201888,-182.53439241026854,-59.75830499267411,180.08771906129235,466.9865837026043
-0.01799999999999996,-156.8454501923462,-140.69430672533872,1.559721683216525,256.0449277598632,547.6171896849079
-0.01599999999999996,-134.01472802810872,-98.52215570037879,62.729153278896625,331.0602628374904,626.6512610205033
-0.013999999999999957,-110.838476490855,-56.13776201623985,123.57600549033315,404.9410215173508,703.937853259408
-0.011999999999999955,-87.37677034679588,-13.663280098736484,183.92974436191577,477.50609611129903,779.3410070803114
-0.010000000000000009,-63.692743675865586,28.77942027380294,243.6250560150802,548.5875065191302,852.7403507835671
-0.008000000000000007,-39.85195057681643,71.07117482596982,302.5035035282489,618.0316657889258,924.0314536091932
-0.006000000000000005,-15.921671233237479,113.09467717908862,360.41503367223044,685.7003645746473,993.1259395625233
-0.0040000000000000036,8.029973389355689,154.73544717066204,417.2193049568794,751.471469201834,1059.9513766829075
-0.0020000000000000018,31.936240370406708,195.88299306911176,472.786814818433,815.2393364883585,1124.4509609974352
0.0,55.731848200762585,236.43188683298985,526.9998106608986,876.914956125001,1186.5830176914972
0.0020000000000000018,79.35269942504274,276.2827311999953,579.7529765126634,936.425838033933,1246.320344285911
0.0040000000000000036,102.73652917010402,315.34300127310655,630.9538939399148,993.7156675090952,1303.649421870829
0.006000000000000005,125.82352730841087,353.5277476234967,680.5232822756958,1048.743755002431,1358.5695207849537
0.008000000000000007,148.55690788870365,390.7601525293418,728.3950289332765,1101.4843101355434,1411.0917266507984
0.010000000000000009,170.88341504541054,426.9719355933074,774.516025392465,1151.9255709394204,1461.2379115097071
0.01200000000000001,192.75375682733437,462.1036094214852,818.8458282615408,1200.0688195643436,1509.0396730816642
0.014000000000000012,214.12296082284834,496.1045901219712,861.3561675751492,1245.927314908961,1554.5372630442905
0.016000000000000014,234.9506479820072,528.9331709472776,902.0303261993927,1289.5251709694885,1597.7785228173184
0.018000000000000016,255.20122352780768,560.5563703577541,940.8624149402951,1330.8962073969963,1638.8178427767589
0.020000000000000018,274.843986202172,590.9496680626228,977.8565677916561,1370.0827959623343,1677.7151582156853
0.02200000000000002,293.8531592164171,620.0966441818745,1013.0260808419363,1407.1347235433302,1714.5349928074695
0.02400000000000002,312.20784810092067,647.988537583973,1046.3925168321703,1442.108089028281,1749.3455578857859
0.026000000000000023,329.891932126999,674.6237397397365,1077.9847953682486,1475.064248311147,1782.2179135891395
0.028000000000000025,346.8938970811455,700.0072401638962,1107.8382864876335,1506.0688184494404,1813.2251958646395
0.030000000000000027,363.20661790475066,724.1500387803776,1135.9939227979282,1535.1907491517293,1842.4419115097617
0.03200000000000003,378.8271000869942,747.0685394411495,1162.4973428619624,1562.5014671192744,1869.9433018624225
0.03400000000000003,393.7561887457418,768.7839374489503,1187.398076001241,1588.07409642428,1895.804774428719
0.03600000000000003,407.99825409310864,789.3216123747261,1210.7487763064046,1611.9827560848453,1920.1014006555608
0.038000000000000034,421.5608615080168,808.7105358064914,1232.6045114392673,1634.3019342968573,1942.90747719737
0.040000000000000036,434.4544337798978,826.982701991708,1253.0221098266918,1655.105937396266,1964.2961473728924
0.04200000000000004,446.6919122978152,844.1725877017739,1272.059568105823,1674.468410532081,1984.3390790382105
0.04400000000000004,458.2884230869165,860.3166461031168,1289.7755191926556,1692.4619262056406,2003.1061947922535
0.04600000000000004,469.2609526835746,875.4528380002498,1306.2287601095436,1709.1576362455571,2020.6654502584404
0.04800000000000004,479.62803792986716,889.620202545528,1321.4778377111604,1724.624982409004,2037.082656128087
0.050000000000000044,489.4094728882941,902.8584684014426,1335.5806896752968,1738.9314605972315,2052.4213396870045
0.05199999999999999,498.6260352528668,915.2077053984216,1348.594337553176,1752.14243361609,2066.7426416569456
0.05399999999999999,507.2992338801883,926.7080159515654,1360.5746282798088,1764.320987472646,2080.1052443511317
0.055999999999999994,515.4510783949378,937.3992648754015,1371.5760203035502,1775.527826351047,2092.565327352789
0.057999999999999996,523.1038712439976,947.3208457546873,1381.6514103811276,1785.821201631908,2104.1765471645695
0.06,530.2800220834878,956.511481677082,1390.8519970767725,1795.2568705899068,2114.990037533853
0.062,537.0018839809104,965.0090578944757,1399.2271770803654,1803.8880807073508,2125.054427425281
0.064,543.2916105954098,972.8504838378092,1406.8244706004868,1811.765575863259,2134.4158738799933
0.066,549.1710332559699,980.0715818495943,1413.689472277084,1818.9376209867667,2143.1181072652603
0.068,554.6615566821902,986.7070000041641,1419.8658242806289,1825.4500420914676,2151.2024866740016
0.07,559.7840719764716,992.7901464442733,1425.3952085079509,1831.3462789267944,2158.7080634778
0.07200000000000001,564.5588854513622,998.3531427617766,1430.3173550393522,1836.6674477885972,2165.67165126718
0.07400000000000001,569.0056618329737,1003.4267940789991,1434.6700642790506,1841.4524123201322,2172.1279006275668
0.07600000000000001,573.1433803928944,1008.0405736368716,1438.4892404551674,1845.7378604043313,2178.1093773977727
0.07800000000000001,576.9903025996311,1012.2226198582022,1441.8089344014872,1849.5583854971424,2183.646643239618
0.08000000000000002,580.5639499398591,1015.999744023243,1444.6613937776428,1852.9465709793697,2188.768337512674
0.08200000000000002,583.8810906340099,1019.3974468648715,1447.0771191047445,1855.933076310827,2193.5012595974326
0.08400000000000002,586.9577340551728,1022.4399425582596,1449.0849241982364,1858.5467239563263,2197.87045094415
0.08600000000000002,589.8091317508661,1025.1501887418044,1450.7119997681898,1860.814586218901,2201.8992762441158
0.08800000000000002,592.4497840606963,1027.549921360159,1451.9839791289853,1862.76207126283,2205.609503225927
0.09000000000000002,594.8934514165776,1029.6596932649006,1452.9250051157053,1864.4130077387647,2209.02138067265
0.09200000000000003,597.1531695040005,1031.4989156427587,1453.557797443979,1865.789727536873,2212.15371433748
0.09400000000000003,599.241267551266,1033.0859014649395,1453.9037198743354,1866.9131462928315,2215.023940506685
0.09600000000000003,601.1693890975071,1034.437910263735,1453.9828466521628,1867.8028413570332,2217.64819702025
0.09800000000000003,602.9485146689566,1035.571193644523,1453.8140277912394,1868.4771270109125,2220.041391613666
0.10000000000000003,604.5889858658284,1036.5010410327284,1453.4149528534651,1868.9531267770346,2222.2172674896383
0.10200000000000004,606.100530429111,1037.2418252368811,1452.8022129510402,1869.2468427228034,2224.1884660669825
0.10400000000000004,607.492287917532,1037.8070474811432,1451.9913607608783,1869.373221702367,2225.966586886361
0.10600000000000004,608.7728356799853,1038.209381624274,1450.996968395616,1869.3462185185997,2227.562244679588
0.10800000000000004,609.950214858092,1038.4607173376269,1449.8326830220497,1869.1788560178345,2228.985123631604
0.11000000000000004,611.0319561975299,1038.572202063133,1448.5112801572034,1868.8832821551403,2230.2440288824628
0.11200000000000004,612.0251054856734,1038.5542816140357,1447.044714605259,1868.4708240881878,2231.3469353314085
0.11400000000000005,612.9362484673029,1038.4167393170078,1445.4441690260917,1867.952039373741,2232.301033816747
0.11600000000000005,613.7715351200414,1038.1687336248992,1443.720100148815,1867.3367643532192,2233.1127747541855
0.118,614.5367031971454,1037.8188341552748,1441.882282662206,1866.6341598230897,2233.7879093230595
0.12,615.2371009676899,1037.3750561316701,1439.939850828702,1865.852754092559,2234.3315282946423
0.122,615.8777091034071,1036.844893222632,1437.901337880361,1865.000483535546,2234.7480985999064
0.124,616.4631616778034,1036.2353487885591,1435.7747132642012,1864.084730746605,2235.041497735904
0.126,616.9977662570105,1035.5529655585367,1433.5674178110753,1863.11236041162,2235.2150461105966
0.128,617.485523073428,1034.803853769158,1431.2863969070581,1862.089753004019,2235.2715374256786
0.13,617.9301432828443,1033.993717805041,1428.9381317495156,1861.022836416131,2235.2132671959002
0.132,618.3350663136433,1033.127881386715,1426.5286687718808,1859.9171156334266,2235.0420595017235
0.134,618.7034763231318,1032.2113113560074,1424.0636473218703,1858.7777005567857,2234.7592920699963
0.136,619.038317781156,1031.2486401122374,1421.5483256777056,1857.6093320749135,2234.365919774778
0.138,619.3423102052084,1030.244186754639,1418.9876054859433,1856.4164064855747,2233.8624966476436
0.14,619.6179620743,1029.2019769876465,1416.386054703,1855.2029983606292,2233.2491964837463
0.14200000000000002,619.8675839511421,1028.1257618461461,1413.7479291204475,1853.972881945968,2232.525832126739
0.14400000000000002,620.0933008437726,1027.0190352976615,1411.0771925517834,1852.7295511834473,2231.691873512405
0.14600000000000002,620.2970638387667,1025.8850507778043,1408.3775357557531,1851.47623843789,2230.7464645475443
0.14800000000000002,620.4806610387118,1024.7268367142933,1405.6523941684577,1850.215932008164,2229.6884388973367
0.15000000000000002,620.645727836757,1023.5472110934996,1402.9049645135235,1848.9513924973398,2228.516334751171
0.15200000000000002,620.7937565608623,1022.3487951218874,1400.1382203565665,1847.6851681129956,2227.228408633664
0.15400000000000003,620.9261055199244,1021.1340260329549,1397.354926667111,1846.4196089648776,2225.8226483244866
0.15600000000000003,621.0440074832904,1019.9051690883806,1394.557653448041,1845.1568804233902,2224.296784947556
0.15800000000000003,621.1485776243522,1018.6643288200947,1391.748788489639,1843.8989755987898,2222.64830428718
0.16000000000000003,621.2408209579578,1017.4134595579517,1388.930549302249,1842.6477269974591,2220.874457385949
0.16200000000000003,621.3216393003362,1016.1543752856234,1386.1049942787167,1841.4048174083312,2218.9722704764026
0.16400000000000003,621.3918377791231,1014.8887588652678,1383.2740331349053,1840.1717900693334,2216.938554295957
0.16600000000000004,621.4521309199173,1013.6181706694824,1380.4394366738566,1838.9500581606878,2214.7699128320505
0.16800000000000004,621.5031483346247,1012.3440566570509,1377.6028459165493,1837.7409136690346,2212.462751542176
0.17000000000000004,621.5454400356615,1011.0677559270255,1374.765780639661,1836.5455356635784,2210.0132850911964
0.17200000000000004,621.5794813989035,1009.79050778379,1371.9296473583547,1835.3649980229022,2207.4175446462787
0.17400000000000004,621.6056777971085,1008.5134583439066,1369.095746789796,1834.200276648614,2204.6713847677697
0.17600000000000005,621.6243689243888,1007.2376667137796,1366.265280830929,1833.052256199694,2201.7704899324985
0.17800000000000005,621.6358328312009,1005.9641107654755,1363.4393590819725,1831.9217363792313,2198.710380724215
0.18,621.6402896882419,1004.6936925364084,1360.6190049451209,1830.8094378031815,2195.48641972424
0.182,621.637905296593,1003.4272432770624,1357.805161326094,1829.716007478851,2192.0938171338635
0.184,621.6287943604589,1002.1655281694403,1354.998695964421,1828.642023919011,2188.5276361585707
0.186,621.6130235378861,1000.9092507375387,1352.2004064166845,1827.588001915825,2184.7827981828323
0.188,621.5906142839297,999.659056969819,1349.4110247154183,1826.5543969971984,2180.8540877629393
0.19,621.5615454998683,998.4155391723987,1346.6312217248626,1825.5416095866567,2176.7361574641604
0.192,621.5257560012346,997.1792395704972,1343.8616112134239,1824.5499888864554,2172.4235325674235
0.194,621.4831468166452,995.9506536745627,1341.1027536613929,1823.5798365023275,2167.910615669668
0.196,621.4335833286724,994.7302334264486,1338.3551598212555,1822.6314098270375,2163.191691201077
0.198,621.3768972672908,993.518390140027,1335.6192940468109,1821.704925198769,2158.2609298814677
0.2,621.3128885657792,992.3154972496885,1332.8955774062333,1820.8005608493145,2153.112393137301
0.202,621.2413270883234,991.1218928793191,1330.1843905932233,1819.9184596560158,2147.7400374999565
0.20400000000000001,621.1619542379863,989.9378822435054,1327.4860766494705,1819.058731710484,2142.137719005204
0.20600000000000002,621.0744844531549,988.7637398919723,1324.8009435107647,1818.221456716254,2136.299197613055
0.20800000000000002,620.9786066000564,987.5997118075217,1322.1292663882864,1817.4066862267127,2130.2181416665576
0.21000000000000002,620.8739852684507,986.4460173670785,1319.4712899958436,1816.614445733876,2123.8881324074323
0.21200000000000002,620.7602619771491,985.302851174806,1316.827230633104,1815.8447366178957,2117.3026685658765
0.21400000000000002,620.6370562955829,984.170384775678,1314.1972781342201,1815.097537966495,2110.455171041231
0.21600000000000003,620.5039668872454,983.0487682573245,1311.5815976906063,1814.372808272937,2103.338987689699
0.21800000000000003,620.360572480459,981.9381317474699,1308.9803315560614,1813.6704870205358,2095.947398234724
0.22000000000000003,620.2064327715689,980.8385868137834,1306.3936006418776,1812.9904961612026,2088.273619315111
0.22200000000000003,620.0410892653356,979.7502277725202,1303.8215060090793,1812.3327414949968,2080.310809685432
0.22400000000000003,619.8640660570013,978.6731329119092,1301.2641302644606,1811.6971139572106,2072.0520755827497
0.22600000000000003,619.6748705602128,977.6073656358424,1298.7215388666423,1811.0834908190602,2063.490476273145
0.22800000000000004,619.4729941847236,976.552975533067,1296.193781347977,1810.491736807659,2054.619029791001
0.23000000000000004,619.2579129675504,975.5099993767195,1293.6808924577201,1809.9217051505793,2045.430718883459
0.23200000000000004,619.0290881610235,974.4784620587412,1291.1828932315564,1809.3732385499377,2035.9184971718855
0.23400000000000004,618.7859667809669,973.4583774633971,1288.6997919922144,1808.8461700906275,2026.0752955416292
0.23600000000000004,618.5279821180292,972.4497492838533,1286.2315852855984,1808.340324087007,2015.8940287707264
0.23800000000000004,618.2545542150141,971.4525717855015,1283.7782587565819,1807.8555168720677,2005.3676024076046
0.24000000000000005,617.9650903128781,970.4668305194784,1281.3397879683275,1807.391557532843,1994.488919907178
0.24200000000000005,617.6589852679031,969.4925029895999,1278.916139168744,1806.9482485955673,1983.2508900340222
0.24400000000000005,617.3356219424019,968.5295592757175,1276.5072700074645,1806.5253866638602,1971.6464345406232
0.24600000000000005,616.9943715711797,967.5779626163086,1274.1131302064996,1806.122763013007,1959.6684961279143
0.24800000000000005,616.6345941058341,966.6376699529291,1271.733662187522,1805.7401641431845,1947.3100466945139
0.25000000000000006,616.255638538868,965.7086324389763,1269.3688016585347,1805.3773722943172,1934.5640958802403
0.25200000000000006,615.8568432094693,964.7907959150646,1267.0184781625155,1805.0341659250544,1921.4236999085615
0.25400000000000006,615.4375360927125,963.8841013531485,1264.6826155904362,1804.7103201582024,1907.8819707317302
0.25600000000000006,614.9970350738341,962.9884852714058,1262.3611326609307,1804.405607194799,1893.9320854813134
0.25800000000000006,614.5346482091518,962.1038801217464,1260.0539433687104,1804.1197966988598,1879.5672962258109
0.26000000000000006,614.0496739751101,961.2302146517045,1257.7609574037108,1803.8526561547149,1864.7809400359226
0.26200000000000007,613.5414015068544,960.3674142423471,1255.4820805428126,1803.6039511987028,1849.5664493568868
0.26400000000000007,613.0091108276728,959.5154012237354,1253.2172150158708,1803.3734459269035,1833.9173626860484
0.26600000000000007,612.4520730705659,958.6740951693653,1250.9662598476673,1803.1609031804574,1817.8273355525953
0.26800000000000007,611.8695506931559,957.8434131709341,1248.7291111773102,1802.9660848099304,1801.290151794991
0.2700000000000001,611.2607976870773,957.0232700946796,1246.505662556484,1802.7887519200906,1784.2997351302765
0.2720000000000001,610.6250597829475,956.2135788204699,1244.2958052278955,1802.6286650963668,1766.8501610079443
0.2740000000000001,609.9615746519579,955.4142504647386,1242.0994283851478,1802.4855846141877,1748.9356687395662
0.2760000000000001,609.2695721050876,954.6251945882927,1239.916419415212,1802.3592706323086,1730.5506738937797
0.27799999999999997,608.5482742908913,953.8463193899534,1237.746664124584,1802.2494833711767,1711.6897809446245
0.27999999999999997,607.7968958927817,953.0775318869307,1235.590046950155,1802.1559832773103,1692.3477961595204
0.282,607.0146443266805,952.318738082775,1233.4464511557483,1802.078531174603,1672.5197407114892
0.284,606.2007199398856,951.5698431236888,1231.315759015216,1802.0168884034138,1652.2008639984094
0.286,605.3543162119647,950.8307514439446,1229.1978519829456,1801.9708169482342,1631.3866571503
0.288,604.4746199584556,950.1013669010932,1227.0926108525591,1801.9400795546983,1610.0728667038168
0.29,603.560811538132,949.3815929016142,1224.999915904541,1801.924439836616,1588.2555084212158
0.292,602.612065064555,948.671332517614,1222.919647043494,1801.9236623737077,1565.930881229197
0.294,601.6275486226189,947.9704885951376,1220.8516839256629,1801.9375128006393,1543.0955812511068
0.296,600.6064244907644,947.2789638546302,1218.7959060773476,1801.9657578879423,1519.7465159040855
0.298,599.5478493695225,946.5966609840439,1216.7521930047608,1802.0081656153554,1495.8809180308044
0.3,598.4509746170181,945.923482725058,1214.7204242958792,1802.064505238093,1471.4963600335975
