Slip Angle (deg),IA = -4.0 deg,IA = -3.0 deg,IA = -2.0 deg,IA = -1.0 deg,IA = 0.0 deg,IA = 1.0 deg,IA = 2.0 deg,IA = 3.0 deg,IA = 4.0 deg
-15.0,26.32337066377901,21.32038587478964,14.737010874678159,6.572441568879526,-2.350162793538116,-8.44130061799062,-13.784223721251832,-18.34844360876746,-22.14736987788379
-14.9,26.428902450736633,21.40821831639216,14.828884100660536,6.671462535128378,-2.255969385123429,-8.36076460906205,-13.72422935621895,-18.31252255573656,-22.13670934351934
-14.8,26.53638346198672,21.497385765279382,14.921757956193666,6.771440175111885,-2.160718270796342,-8.279153493220981,-13.663244799681763,-18.27577740769463,-22.12544255107552
-14.7,26.645860740407116,21.587921505472366,15.0156551070829,6.872391699696487,-2.0643925419909,-8.196449606460666,-13.601252517358095,-18.238191987969625,-22.113555744436464
-14.6,26.757382726912827,21.679859891668,15.110598941087806,6.974334816052707,-1.9669748787739287,-8.112634878874067,-13.53823456385176,-18.19974971497776,-22.101034788442675
-14.5,26.870999307014465,21.77323639140866,15.206613596428028,7.077287745880683,-1.8684475371324978,-8.027690823606317,-13.474172571884084,-18.16043359126517,-22.087865157900556
-14.4,26.986761858793617,21.868087629159163,15.30372399162566,7.181269244439972,-1.7687923357906388,-7.94159852547805,-13.409047741245113,-18.12022619226524,-22.07403192628586
-14.3,27.104723302302546,21.96445143238381,15.401955856756455,7.2862986204254545,-1.6679906425344497,-7.85433862926902,-13.342840827459604,-18.079109654767382,-22.059519754134996
-14.2,27.22493815039007,22.062366879720845,15.501335766185326,7.392395756733369,-1.5660233600240607,-7.765891327652193,-13.275532130161684,-18.037065665092026,-22.044312877117957
-14.1,27.347462560947505,22.16187435135584,15.601891172867058,7.499581132164238,-1.4628709110695257,-7.676236348767361,-13.207101481174163,-17.994075446968285,-22.02839509378772
-14.0,27.472354390561346,22.263015581700508,15.703650444297793,7.6078758441121686,-1.3585132233467536,-7.5853529434237155,-13.137528232286446,-17.950119749110023,-22.011749752999915
-13.9,27.599673249549237,22.365833714487984,15.806642900207564,7.717301632293172,-1.2529297135279835,-7.493219871920039,-13.066791242727438,-17.90517883248659,-21.99435974099792
-13.8,27.72948055834465,22.47037336040068,15.91089885209024,7.827880903568393,-1.146099270800216,-7.39981539047128,-12.994868866327892,-17.85923245728557,-21.976207468158528
-13.7,27.86183960518339,22.57668065735148,16.016449644672353,7.939636757921338,-1.0380002397434422,-7.3051172372295605,-12.921738938368925,-17.812259869564087,-21.957274855393226
-13.6,27.99681560502975,22.684803333544565,16.123327699429343,8.052593015652139,-0.9286104025390971,-7.209102617887921,-12.847378762112209,-17.764239787586938,-21.937543320201424
-13.5,28.134475759663978,22.794790773446653,16.23156656026325,8.166774245855592,-0.8179069604770087,-7.111748190854131,-12.771765095008517,-17.715150387849874,-21.916993762371575
-13.4,28.2748893188324,22.906694086804823,16.34120094146377,8.282205796254148,-0.7058665147283459,-7.013030051982293,-12.69487413458197,-17.664969290786598,-21.895606549327457
-13.3,28.418127642340423,23.020566180851812,16.452266778081484,8.398913824461385,-0.5924650463488325,-6.9129237188490995,-12.616681503986635,-17.613673546159824,-21.87336150111691
-13.2,28.56426426294274,23.136461835845125,16.564801278850055,8.516925330756377,-0.4776778954759313,-6.8114041145617215,-12.537162237234238,-17.5612396181363,-21.850237875041575
-13.1,28.713374949856114,23.254437784089824,16.6788429818026,8.63626819245424,-0.36147973968024627,-6.708445551083526,-12.456290764091134,-17.50764337004794,-21.82621434992661
-13.0,28.865537772687972,23.374552792600635,16.794431812736065,8.756971199964543,-0.2438445714301412,-6.604021712064406,-12.37404089464398,-17.45286004884088,-21.80126901003039
-12.9,29.020833165536093,23.496867749561865,16.911609146687294,8.879064094633833,-0.12474567462533155,-6.498105635160727,-12.290385803534537,-17.396864269216803,-21.77537932859549
-12.8,29.179343990972324,23.62144575474788,17.030417872593873,9.002577608476281,-0.004155600153059491,-6.390669693831597,-12.205298013864038,-17.339629997470738,-21.74852215104298
-12.7,29.341155603575725,23.748352214069417,17.150902461323458,9.127543505902185,0.11795385958261075,-6.281685578595791,-12.11874938076964,-17.281130535032254,-21.720673677813817
-12.6,29.506355912625484,23.877654938413315,17.273109037267062,9.253994627561932,0.24161169721063924,-6.171124277734966,-12.030711074675734,-17.22133850171763,-21.691809446862205
-12.5,29.675035443502406,24.009424246944032,17.39708545370248,9.381964936430842,0.36684771807782257,-6.058956057428,-11.941153564224843,-17.160225818702592,-21.661904315807547
-12.4,29.84728739727827,24.143733075035527,17.52288137214743,9.511489566268502,0.4936925691276999,-5.945150441300279,-11.850046598893202,-17.097763691227343,-21.63093244375359
-12.3,30.023207707893306,24.280657087000183,17.65054834593434,9.642604872595093,0.6221777690363055,-5.829676189373243,-11.757359191298846,-17.033922591047332,-21.59886727278505
-12.2,30.202895096233124,24.42027479377782,17.780139908252945,9.775348486337698,0.7523357396718606,-5.712501276397258,-11.663059599210678,-16.968672238645933,-21.565681509154448
-12.1,30.386451120315954,24.562667675742482,17.911711664921032,9.909759370308505,0.8841998389494103,-5.593592869552083,-11.56711530726934,-16.901981585227116,-21.531347104174053
-12.0,30.5739802206883,24.707920310775837,18.04532139215894,10.045877878689673,1.0178043951568727,-5.472917305498648,-11.469493008432723,-16.833818794510073,-21.495835234831056
-11.9,30.765589759999305,24.856120507744766,18.18102913965897,10.183745819710296,1.1531847428325899,-5.350440066764957,-11.370158585160933,-16.764151224349717,-21.459116284146365
-11.8,30.96139005558106,25.00735944550489,18.318897339257756,10.32340652171418,1.290377260281672,-5.226125757450222,-11.26907709035842,-16.692945408211084,-21.421159821301384
-11.7,31.16149440370113,25.161731817532353,18.45899091953614,10.464904902831123,1.4294194088225867,-5.099938078229347,-11.1662127280932,-16.62016703652926,-21.381934581560227
-11.6,31.36601909397227,25.319335982260217,18.601377426689268,10.608287544478822,1.5703497738630512,-4.971839800641557,-11.061528834116421,-16.545780937990408,-21.341408446019095
-11.5,31.57508341220201,25.4802741191648,18.746127152027203,10.753602768938675,1.7132081079102024,-4.841792740645605,-10.954987856208852,-16.46975106077404,-21.299548421219004
-11.4,31.788809629736402,25.644652390607206,18.893313266485098,10.900900721265463,1.8580353756277967,-4.709757731424647,-10.846551334384301,-16.392040453801883,-21.25632061866237
-11.3,32.00732297709858,25.81258110938822,19.04301196254084,11.05023345580938,2.0048738010611413,-4.575694595423367,-10.736179880983904,-16.31261124804338,-21.211690234280034
-11.2,32.230751599436736,25.98417491191572,19.1953026039562,11.201655027648327,2.1537669171590452,-4.439562115600667,-10.623833160699641,-16.231424637934683,-21.165621527900235
-11.1,32.45922649097887,26.159552936812855,19.350267883776677,11.355221589248966,2.3047596177306016,-4.301318005880591,-10.50946987057048,-16.148440862973768,-21.118077802778274
-11.0,32.69288140533612,26.338839008711183,19.50799399104304,11.510991492698238,2.457898211986623,-4.160918880784734,-10.393047719999199,-16.06361918956176,-21.069021385251805
-10.899999999999999,32.93185273810081,26.52216182687,19.668570786684544,11.669025397869586,2.6132304818236722,-4.018320224229488,-10.274523410844019,-15.976917893167862,-21.018413604595032
-10.8,33.17627937774594,26.709655158142695,19.832091989080077,11.82938638691519,2.7708057420231564,-3.8734763574720494,-10.153852617645725,-15.888294240904544,-20.966214773152867
-10.7,33.42630252034376,26.901458033665737,19.998655369786995,11.99214008550119,2.930674903548576,-3.7263404061887555,-10.030989968056724,-15.797704474607954,-20.912384166845694
-10.6,33.68206544307995,27.097714948475314,20.168362959948926,12.157354791233013,3.092890540139184,-3.5768642666709205,-9.905889023547694,-15.705103794529123,-20.856880006145445
-10.5,33.94371323094117,27.29857606305346,20.341321267901666,12.325101609747934,3.257506958412768,-3.424998571122702,-9.778502260473731,-15.610446343752796,-20.79965943763407
-10.399999999999999,34.211392450292735,27.50419740556689,20.517641508499356,12.495454598984598,3.4245802717064495,-3.2706926520473227,-9.64878105159272,-15.513685193472027,-20.74067851626845
-10.3,34.48525076233666,27.714741073279523,20.69743984468029,12.668490922173715,3.5941684779019836,-3.113894505708104,-9.51667564813687,-15.414772329260597,-20.67989218848807
-10.2,34.76543646864234,27.930375431289082,20.880837641782346,12.844291010130487,3.7663315415016356,-2.9545507546520087,-9.38213516255056,-15.313658638499145,-20.617254276316572
-10.1,35.052097980069995,28.15127530634832,21.067961735097008,13.02293873346671,3.941131480240385,-2.792606609284745,-9.245107552017888,-15.210293899126873,-20.552717462623704
-10.0,35.34538319945748,28.377622173076492,21.258944711121167,13.204521585380782,4.118632456543428,-2.628005828487699,-9.105539602917544,-15.104626769907416,-20.486233277731614
-9.899999999999999,35.64543880741026,28.609604329332274,21.45392520291843,13.38913087572389,4.298900874161433,-2.4606906792685517,-8.963376916355635,-14.996604782416608,-20.417752087567802
-9.8,35.95240943942406,28.84741705689531,21.653048199938755,13.576861937084109,4.482005480342815,-2.2906018954397176,-8.818563894942939,-14.886174334979648,-20.34722308358719
-9.7,36.26643674137721,29.091262762875967,21.856465372557974,13.767814343671976,4.668017473929779,-2.117678635320397,-8.671043730999632,-14.77328068880771,-20.274594274708903
-9.6,36.58765828916115,29.34135109642222,22.064335411485416,13.962092143835084,4.857010619795892,-1.9418584384614443,-8.52075839638911,-14.657867966608006,-20.19981248153632
-9.5,36.91620635687776,29.597899034304348,22.27682438204114,14.159804107072059,5.049061370075642,-1.7630771813946697,-8.367648634202041,-14.53987915396759,-20.1228233331563
-9.399999999999999,37.25220651663193,29.861130927807487,22.494106093116084,14.36106398645783,5.2442489926714195,-1.581269032412018,-8.211653952534425,-14.419256103840114,-20.043571266841855
-9.3,37.59577605150165,30.131278502025477,22.71636248039121,14.565990797431333,5.442655707561804,-1.3963664053845957,-8.052712620626936,-14.295939544495633,-19.961999531014097
-9.2,37.94702216180014,30.408580797100825,22.9437840030952,14.774709113931866,5.644366831474945,-1.208299912635841,-7.890761667659036,-14.16986909132804,-19.87805019185313
-9.1,38.306039943281945,30.69328403916058,23.176570053208835,14.987349382899653,5.849470931534723,-1.0169983168895262,-7.725736884520597,-14.040983262951414,-19.791664143985056
-9.0,38.67291011452986,30.985641426624507,23.414929375567095,15.204048258176886,6.05805998853299,-0.8223884823198774,-7.557572828914452,-13.909219502057283,-19.7027811257126
-8.899999999999999,39.04769646944117,31.285912815168,23.659080496743695,15.424948954854784,6.2702295705299305,-0.6243953247391146,-7.3862028341786985,-13.774514201548518,-19.611339739301066
-8.8,39.430443029577404,31.594364281867957,23.90925215991037,15.65020162510574,6.48607901753581,-0.42294176096743225,-7.21155902225429,-13.636802736514014,-19.517277476878892
-8.7,39.821170870232265,31.911267545892972,24.1656837620125,15.879963756513316,6.7057116380809045,-0.21794865744172556,-7.033572321265947,-13.49601950265987,-19.420530752564762
-8.6,40.21987459350983,32.23689921947333,24.428625788568098,16.1144005938587,6.929234918535504,-0.009334778132806072,-6.852172488229116,-13.35209796187021,-19.321034941489444
-8.5,40.62651842161442,32.57153985874348,24.698340240134385,16.353685585234626,7.1567607460983815,0.20298326814295975,-6.667288137445978,-13.204970695632587,-19.21872442644243
-8.399999999999999,41.04103188408192,32.91547277933339,24.97510104295479,16.598000853225383,7.38840564642904,0.4190910809124343,-6.478846775208286,-13.05456946712968,-19.11353265294024
-8.3,41.46330507401072,33.268982596238956,25.259194434441444,16.84753769170264,7.62429103695461,0.6390765216066229,-6.2867748414854505,-12.900825292873833,-19.00539219358594
-8.2,41.893183450684845,33.63235344146841,25.550919311901026,17.102497088526917,7.86454349693615,0.8630297673379285,-6.090997759342142,-12.743668524839041,-18.894234822668565
-8.1,42.33046216956419,34.005866806191726,25.85058753019685,17.363090274093313,8.109295055426585,1.0910433647038282,-5.891439992904041,-12.583028944133751,-18.779991602036727
-8.0,42.774879925722,34.38979894657217,26.158524130766395,17.629539295196963,8.358683498294134,1.3232122833878754,-5.68802511477013,-12.418835867351286,-18.662592979373187
-7.8999999999999995,43.226112303741345,34.78441778411304,26.475067480472102,17.9020776130854,8.612852695513434,1.5596339692780394,-5.480675883860539,-12.251018266838555,-18.54196890009875
-7.8,43.68376463617576,35.18997922221024,26.80056929402577,18.180950723780896,8.871952949938715,1.800408396765002,-5.269314334787307,-12.079504906235805,-18.41804893424231
-7.699999999999999,44.14736438428647,35.60672279070839,27.135394508042854,18.466416797746103,9.136141368762484,2.0456381198093014,-5.053861879945704,-11.904224492762175,-18.29076241973248
-7.6,44.616353069250245,36.034866519712416,27.47992096797555,18.758747334679274,9.405582258819031,2.295428321278604,-4.834239425646153,-11.72510584785555,-18.160038623694128
-7.5,45.09007779974151,36.47460093288787,27.834538881038313,19.058227827591725,9.680447546807255,2.5498868599484124,-4.610367503742645,-11.542078097919568,-18.02580692347177
-7.3999999999999995,45.567782463040544,36.92608203926824,28.199649978537504,19.365158428253405,9.96091722536183,2.8091243144283258,-4.382166420365799,-11.35507088708905,-17.88799700925139
-7.3,46.048598671856965,37.38942319159772,28.575666319480238,19.679854603491478,10.247179825685093,3.0732540231136025,-4.149556423538797,-11.164014614097132,-17.74653911031425
-7.199999999999999,46.531536588013104,37.86468566906891,28.963008653656452,20.002647768558052,10.539432917132924,3.342392119064539,-3.9124578916456727,-10.968840695514864,-17.601364247130405
-7.1,47.015475776972345,38.35186783378858,29.36210424622344,20.33388587969058,10.837883633703461,3.6166575584713683,-3.6707915449361326,-10.769481857838603,-17.452404511689043
-7.0,47.499156283660014,38.850892704533855,29.77338404680252,20.67393396287336,11.142749226764733,3.8961721410630274,-3.42447868249415,-10.565872461123742,-17.299593378664575
-6.9,47.981170159538856,39.36159378979862,30.19727906382601,21.02317454942874,11.45425764253174,4.181060520447646,-3.1734414473729395,-10.357948857106956,-17.14286605023732
-6.799999999999999,48.459953712525184,39.88369902665331,30.634215778952747,21.38200798112601,11.772648121699865,4.471450201915138,-2.9176031229112405,-10.145649785024485,-16.9821598376223
-6.699999999999999,48.933780793656496,40.41681268491118,31.084610406419607,21.75085253762957,12.098171817184866,4.767471524667958,-2.6568884636037082,-9.928916808625772,-16.817414582612518
-6.6,49.40075747552152,40.9603951204133,31.54886176789831,22.130144326870514,12.431092424007085,5.069257624745934,-2.3912240643071905,-9.707694798198943,-16.648573122715057
-6.5,49.85881851482939,41.513740300404415,32.02734251458804,22.520336863778265,12.771686812862768,5.376944374044204,-2.1205387720355575,-9.48193246177361,-16.475581803749073
-6.4,50.30572602203312,42.07595108203661,32.520388384918945,22.92190024409435,13.120245655687688,5.690670289747567,-1.8447641451402332,-9.25158293004901,-16.2983910440871
-6.299999999999999,50.73907078098227,42.645912306581536,33.02828513873822,23.335319796923493,13.477074027329389,6.010576407169189,-1.5638349653049994,-9.016604400015375,-16.116955955054117
-6.199999999999999,51.156276667062656,43.22226188185946,33.55125275809963,23.76109407131843,13.84249196204461,6.336806107319391,-1.2776898085199542,-8.77696084269919,-15.931237022356145
-6.1,51.55460859883672,43.80336016861834,34.08942645244992,24.199731977432712,14.216834936594385,6.669504888464176,-0.9862716820610904,-8.53262278097352,-15.741200853789442
-6.0,51.93118442151233,44.38725816751925,34.64283395487643,24.651748860323725,14.600454242799897,7.008820068357422,-0.689528735516199,-8.283568143939487,-15.546820998887878
-5.9,52.282991056772815,44.97166522512255,35.21136855045084,25.117661232863153,14.993717201011906,7.354900400620533,-0.3874150550938691,-8.029783205011109,-15.348078846595746
-5.799999999999999,52.60690515965837,45.5539172405867,35.79475724392979,25.59797983177324,15.397007151361025,7.707895584738126,-0.0798915518731702,-7.771263611534121,-15.144964607512502
-5.699999999999999,52.899718397873826,46.13094665671415,36.392523461203275,26.093200585783094,15.810723141038876,8.067955644136717,0.23307304365775725,-7.50801551454751,-14.937478387741612
-5.6,53.15816731277003,46.69925585112412,37.00394369939507,26.603792995502886,16.235279202139044,8.435230140565134,0.5515010664030076,-7.240056808171707,-14.72563136189053
-5.5,53.378967537602804,47.25489589005185,37.62799761106891,27.13018531920877,16.671103084409086,8.809867185185594,0.8754046640022223,-6.9674184890921,-14.509447053314465
-5.399999999999999,53.55885194383237,47.79345294384412,38.26331115011234,27.67274583614524,17.118634268949414,9.19201219701748,1.204784386991075,-6.690146147721539,-14.288962730273003
-5.299999999999999,53.69461206969287,48.31004495445386,38.90809264735026,28.231759318937616,17.578321040347905,9.581806347161471,1.539627598520749,-6.408301603895653,-14.064230927278418
-5.199999999999999,53.78314196952753,48.79933134503833,39.560062054650565,28.80739769069505,18.050616333386415,9.97938461195409,1.8799066760891132,-6.121964701406628,-13.83532110155877
-5.1,53.821483422348,49.25553861437016,40.216374132877476,29.39968367455535,18.535971993163773,10.384873339099826,2.225576972524482,-5.8312352773534775,-13.60232143523968
-5.0,53.80687126999798,49.67250450234732,40.873537097925734,30.008446072289185,19.034830990482995,10.798387206952263,2.5765744971086346,-5.5362353242210895,-13.365340794571102
-4.899999999999999,53.73677753538171,50.043742986231955,41.52732921178111,30.633265149178612,19.547617013225018,11.220025427305059,2.9328132699641407,-5.237111364853032,-13.124510858289264
-4.799999999999999,53.60895291390281,50.36253161977499,42.17271702973174,31.273406479221787,20.074720704120388,11.649867004877411,3.2941822933344276,-4.934037063120275,-12.87998842802037
-4.699999999999999,53.42146424743979,50.622021632044564,42.80378048096248,31.927741555578994,20.616481630306534,12.087964820411205,3.660542071749575,-4.62721609619258,-12.63195793450356
-4.6,53.17272668559381,50.81536977040014,43.41365161355154,32.594653551718004,21.17316484470598,12.534338246860406,4.031720598801433,-4.316885317993179,-12.38063415435055
-4.5,52.86152941294199,50.935889164463845,43.99447555670841,33.27192690749679,21.744930628621066,12.988963937104842,4.407508710748718,-4.003318247786793,-12.126265153078345
-4.399999999999999,52.48705406608704,50.97721462610093,44.53740383743896,33.9566200174963,22.331795686064098,13.451764334141343,4.787654685705246,-3.686828923067367,-11.869135471270242
-4.299999999999999,52.04888526625259,50.93347596344607,45.032631330451906,34.644921352188625,22.933583694541007,13.922593347656576,5.171857940858971,-3.367776162165881,-11.609569571960964
-4.199999999999999,51.547013032376206,50.79947129856918,45.469488416636366,35.33199100874538,23.549862713517594,14.401218510953473,5.559761647990198,-3.0465682895151738,-11.347935568736402
-4.1,50.98182719278012,50.570831279228244,45.836598908809925,36.01179214372239,24.179866533418394,14.887298776191193,5.950944048293546,-2.723668385565412,-11.08464925562683
-4.0,50.35410425592601,50.24416468412835,46.122111512419615,36.67692014376814,24.822396659532526,15.380356921287511,6.344908199781766,-2.3996001342681943,-10.82017846170821
-3.8999999999999986,49.66498750905721,49.817176390889855,46.314007687927166,37.318441829165764,25.475701345427268,15.879745327720013,6.741069832838066,-2.0749543542300786,-10.555047755471785
-3.799999999999999,48.91596136779739,49.288750053603934,46.40048171702591,37.9257623828938,26.137328048455604,16.384603647119793,7.138742920191097,-1.7503963155312907,-10.289843526564292
-3.6999999999999993,48.10882118545513,48.65899003995796,46.370379936294356,38.486543694652426,26.80394607536092,16.893806613874425,7.537122485183882,-1.4266739633305234,-10.02521947553699
-3.5999999999999996,47.24563983976422,47.92921999477418,46.21367643274209,38.98670361601423,27.471137311613617,17.405899998202187,7.935264075480181,-1.104627192308109,-9.761902545897794
-3.5,46.32873244565937,47.10193851411172,45.92195348112303,39.41052989709951,28.133155188822723,17.91902246147345,8.332059217824499,-0.7851983433473174,-9.500699337180462
-3.3999999999999986,45.36062050022325,46.18073546746404,45.488848476869684,39.74094339144133,28.782655960487546,18.430810927804252,8.726206044099568,-0.4694441262195152,-9.242503043099251
-3.299999999999999,44.34399665997337,45.17017514205739,44.910426879930505,39.959940142671265,29.410412527968827,18.93828711134252,9.116174143168125,-0.1585492099433583,-8.988300965335918
-3.1999999999999993,43.28169119450984,44.075654320895275,44.1854439930605,40.04922896850473,30.005030058064083,19.437723172218316,9.500162554460896,0.14615823376779646,-8.739182661307296
-3.0999999999999996,42.17664096937354,42.90324447720715,43.3154675000329,39.9910588706625,30.55269477497481,19.92448531300218,9.87604969219806,0.44318869909498826,-8.496348793588588
-3.0,41.0318616001434,41.65952743640737,42.3048465651948,39.76919986238869,31.037002250140368,20.392855745269525,10.241333897850335,0.7308708375676328,-8.261120759681397
-2.8999999999999986,39.85042320360709,40.35143320935744,41.16052976696494,39.37000555274804,31.43892767490693,20.83583620875185,10.593063302336153,1.0073278262247467,-8.034951193607672
-2.799999999999999,38.63542996249259,38.98608741671542,39.89175034957788,38.78345331578172,31.737014498238075,21.244940537878822,10.927753799460925,1.2704501108196593,-7.81943544531546
-2.6999999999999993,37.390003527359795,37.57067403272507,38.509610418096706,38.00403750996395,31.907863574385207,21.60999007746122,11.241294278937188,1.5178639756752594,-7.61632415976572
-2.5999999999999996,36.11727010966087,36.112317314598485,37.026603712127546,37.031391811791586,31.92699459880527,21.918934365729907,11.52883897069209,1.7468953658599957,-7.42753709405772
-2.5,34.820350977872906,34.61798495973883,35.45611862296718,35.870542893844465,31.770116730787603,22.157730381492918,11.78468798939807,1.9545284011415796,-7.255178326566038
-2.3999999999999986,33.502355955894025,33.09441290661942,33.81195959601798,34.53174691407161,31.4147808803686,22.310326003516682,12.002159168208935,2.137358103503417,-7.101553024254166
-2.299999999999999,32.16637943964893,31.548050866734272,32.107917405033625,33.029922538733075,30.84229582101852,22.35880512639495,12.173457306147622,2.2915370533954906,-6.969185938932956
-2.1999999999999993,30.815498392841942,29.985026689149787,30.35740890939253,31.383754674353632,30.039691062092118,22.283759365166077,12.289551308103487,2.412716055142739,-6.860841793719907
-2.0999999999999996,29.452771753955552,28.41112701429309,28.573196699320757,29.61458720626886,29.001431663712793,22.064948814278164,12.340075588476276,2.4959795130771507,-6.779547687410765
-2.0,28.08124068141064,26.831791335716904,26.76718998175323,27.745241630711085,27.730569525267338,21.68229502621753,12.3132795489106,2.5357772083685073,-6.728617572218225
-1.8999999999999986,26.70392907963943,25.25211650491855,24.950321061913105,25.798890304343114,26.23907701222344,21.11720720176508,12.196057495117385,2.525855661877881,-6.711678728167148
-1.799999999999999,25.323843883080382,23.676868825006057,23.1324871544885,23.798084191004516,24.547249595824205,20.354176048255287,11.974099828808486,2.459194432002721,-6.732699935498139
-1.6999999999999993,23.943974625333112,22.110501125762035,21.322544883786914,21.763995592504138,22.682248532011286,19.382486455499304,11.632212410285666,2.327955689963331,-6.79602069379043
-1.5999999999999996,22.567291884607062,20.557172544069836,19.528344298053586,19.715896686589847,20.67602501299389,18.197819666710988,11.154850934067843,2.1234593527269974,-6.906380298878714
-1.5,21.196744271931923,19.020769107923588,17.756790010471295,17.670862281637596,18.562970035731688,16.803467408697482,10.526906098798431,1.83620091584083,-7.068944796975211
-1.3999999999999986,19.835253713136897,17.504923607663,16.01391867930224,15.643663664756286,16.377643727143095,15.21089400915619,9.734748222391836,1.4559346192912166,-7.2893287070556605
-1.299999999999999,18.485708866985956,16.013033612275677,14.304984025167013,13.646809926353177,14.152864686992748,13.439472245137523,8.767493768304487,0.9718499279678305,-7.573606847515441
-1.1999999999999993,17.150956617500253,14.548276836966338,12.634542638299434,11.690691616437691,11.91832069075193,11.515370876308646,7.61839343477136,0.3728730321002244,-7.928309539846342
-1.0999999999999996,15.833791675551582,13.113623382031898,11.006535746138384,9.783786058881386,9.699739352993191,9.46974422132938,6.286173134862132,-0.3518752118472928,-8.360391849394333
-1.0,14.536944420128037,11.711844637952217,9.424363777255572,7.932891255693642,7.5185623069177145,7.336511589580378,4.776106005442544,-1.2124410340429022,-8.877164416019317
-0.8999999999999986,13.263067199886764,10.345518885834167,7.890951925263075,6.143363826228296,5.3920120591726315,5.150073841767045,3.100581297122718,-2.2172137866316497,-9.486170064734884
-0.7999999999999989,12.014719397230193,9.01703381590853,6.408805985314871,4.4193444001205,3.3334242352354178,2.9432841071291804,1.2789849882758368,-3.3719429145937054,-10.194987314783013
-0.6999999999999993,10.794351626747716,7.728586340559465,4.980058531836759,2.7639605640849485,1.3527282676182275,0.7458914400552878,-0.6631808982083104,-4.678667802014859,-11.010940126065416
-0.5999999999999996,9.604289494309779,6.4821801937184365,3.606506067334227,1.1795026033449643,-0.5430160942721709,-1.416449332962319,-2.6958624169466705,-6.134684844973236,-11.940694315736577
-0.5,8.446717379750604,5.27962188701282,2.289638139875608,-0.33242905758116664,-2.349091016211472,-3.5226215515713064,-4.786479193635829,-7.731722140877278,-12.989727214589474
-0.3999999999999986,7.323662723045952,4.122515636745549,1.030659640298103,-1.7708034018241072,-4.062640690119137,-5.556041025845632,-6.902099471813359,-9.455512323774641,-14.161670796139408
-0.29999999999999893,6.236981745296595,3.012257886925212,-0.16949241625729755,-3.1350626172622627,-5.682258543284606,-7.504331526372275,-9.011445408631307,-11.28592893399246,-15.457551735844083
-0.1999999999999993,5.188347618282244,1.950034606674428,-1.3101363149467835,-4.425046702907742,-7.207646859313511,-9.35881190946602,-11.086479622347161,-13.19777230083619,-16.87498483632104
-0.09999999999999964,4.179237371039109,0.9368232655282602,-2.3908303698191125,-5.6409352202469645,-8.639345459994157,-11.113903750044198,-13.10344031888213,-15.162168254460745,-18.407415458043033
0.0,3.2109219830585607,-0.02661877476397238,-3.411354219419072,-6.783192344897637,-9.978521356932918,-12.7665383372696,-15.04331319025931,-17.148409813092094,-20.043543131524803
0.10000000000000142,2.284459525478884,-0.9397584321663198,-4.371718369895602,-7.852517752733302,-11.226792034572187,-14.315612199987223,-16.891820878278082,-19.125972069184044,-21.767078157418034
0.20000000000000107,1.400690970410299,-1.8022866919493903,-5.272161420231451,-8.84984680530418,-12.386089099932008,-15.761489772673858,-18.639060011185972,-21.0663989371131,-23.55696947407486
0.3000000000000007,0.5602387705139734,-2.614116129707388,-6.113142824245284,-9.776334674266383,-13.458612256158139,-17.105595443637544,-20.278887843982943,-22.9448052679078,-25.38818433905011
0.40000000000000036,-0.2364917794464515,-3.375376067463328,-6.895334420665925,-10.6333387142636,-14.44677337984653,-18.350158800149078,-21.80823975739679,-24.74079119194697,-27.233019529586823
0.5,-0.9893084740801602,-4.086405366067583,-7.619610433770482,-11.42240251100852,-15.353151457683065,-19.497982812743324,-23.226535180126042,-26.438827387083723,-29.06274667917979
0.6000000000000014,-1.698225575953276,-4.74774295402469,-8.287035807054803,-12.145240545326983,-16.18045918963053,-20.552263551634695,-24.535080368521463,-28.02824164484922,-30.84947261761426
0.7000000000000011,-2.363454863596562,-5.360116277269501,-8.898852873167376,-12.803722761506881,-16.931517318827385,-21.51645650001263,-25.736550739781208,-29.502768988423462,-32.56797849666291
0.8000000000000007,-2.985394626292036,-5.924427923367849,-9.456466481287208,-13.399858621458554,-17.609233805376938,-22.39417892916104,-26.834568521701318,-30.85987876518214,-34.19711113348302
0.9000000000000004,-3.564616923446871,-6.441740725385152,-9.961427796188087,-13.935780464302239,-18.21658582870973,-23.189139357098135,-27.83337170755163,-32.10001856052112,-35.720631338592476
1.0,-4.10185345178226,-6.91326168463517,-10.415417050807848,-14.41372617591299,-18.756603291576692,-23.905086812578457,-28.737563326283816,-33.22587483044653,-37.127483159265346
1.1000000000000014,-4.597980374363908,-7.340325068123014,-10.820225576969964,-14.836021308368114,-19.232353027073525,-24.545774234900033,-29.551927321319948,-34.241712750546256,-38.411553257483085
1.1999999999999993,-5.054002462831513,-7.724375037062083,-11.1777374588671,-15.205060880184165,-19.64692330085942,-25.11493174333882,-30.28129727121369,-35.15282542130801,-39.57106070238728
1.3000000000000007,-5.471036889757971,-8.066948149394978,-11.489911153774367,-15.523291140614344,-20.00340847674583,-25.616246669179624,-30.93046556019367,-35.96509898311176,-40.607740505346705
1.4000000000000021,-5.850296983973537,-8.36965605427163,-11.758761407576081,-15.79319160151734,-20.30489389673444,-26.053348161537674,-31.50412258815884,-36.68468553500329,-41.52596807661219
1.5,-6.1930762302079465,-8.634168662665074,-11.986341762738082,-16.017257634952966,-20.55444113606524,-26.429794880126327,-32.00681769416859,-37.31776834306483,-42.331933583805466
1.6000000000000014,-6.500732757838937,-8.862198038499251,-12.174727917057595,-16.197983910068004,-20.755073847282034,-26.74906480707447,-32.44293538402787,-37.87040146200636,-43.03293157699002
1.6999999999999993,-6.7746745240803135,-9.055483211451737,-12.326002146413414,-16.33784890491529,-20.909764419716794,-27.01454658042031,-32.81668208235475,-38.34840657776013,-43.63679341049169
1.8000000000000007,-7.016345356568774,-9.215776068333199,-12.442238957007095,-16.439300682848582,-21.021421664730283,-27.22953200614135,-33.13207994401927,-38.757312100549015,-44.1514628888195
1.9000000000000021,-7.227211980691977,-9.344828436630253,-12.52549208493979,-16.50474407351379,-21.092879702837354,-27.39720957151113,-33.39296527869248,-39.102322300556914,-44.584699488728745
2.0,-7.408752119492409,-9.44438043302272,-12.577782915588454,-16.536529348818938,-21.126888184677327,-27.520658883543327,-33.602989906643174,-39.38830700176706,-44.943886297844536
2.1000000000000014,-7.562443719591377,-9.516150112623821,-12.601090353749575,-16.53694243735863,-21.12610392992375,-27.602846011111687,-33.765624321136094,-39.61980474634401,-45.235918588154824
2.1999999999999993,-7.689755325991357,-9.561824422123937,-12.597342139008505,-16.508196678534794,-21.093084021232126,-27.64661973276811,-33.88416192799385,-39.80103430863251,-45.46715113095584
2.3000000000000007,-7.79213760222502,-9.583051432367117,-12.568407569889565,-16.45242608127181,-21.03028034731771,-27.654708695558902,-33.96172390542984,-39.935910974182946,-45.64338606112465
2.400000000000002,-7.87101597026724,-9.581433803276012,-12.516091575268154,-16.37168002237728,-20.940035552163902,-27.629719481574984,-34.001264409513695,-40.028065154793126,-45.76988711264676
2.5,-7.927784326847336,-9.558523416341862,-12.44213005217672,-16.267919296360017,-20.82458031716242,-27.5741355645122,-34.00557596817039,-40.08086175280241,-45.85140972505619
2.6000000000000014,-7.963799779072134,-9.515817096806781,-12.348186375168693,-16.143013411620828,-20.68603187993049,-27.490317122238547,-33.97729497901933,-40.09741928460714,-45.89223958544468
2.6999999999999993,-7.9803783322636335,-9.454753338753155,-12.23584897330209,-15.998739016853623,-20.526393677374315,-27.380501655898282,-33.9189072682304,-40.08062818465569,-45.8962345676819
2.8000000000000007,-7.978791456223142,-9.376709941070228,-12.10662986595617,-15.836779335538266,-20.347555990656048,-27.24680535298211,-33.83275368952228,-40.03316798648609,-45.86686681742047
2.900000000000002,-7.9602634523164175,-9.283002460147975,-11.961964047436917,-15.658724484796341,-20.151297465257414,-27.091225121829844,-33.72103575197914,-39.95752325550307,-45.80726301178859
3.0,-7.925969542380602,-9.174883385606796,-11.80320961199991,-15.466072556815515,-19.939287379402774,-26.915641218430586,-33.585821267709335,-39.85599825856211,-45.720241707423234
3.1000000000000014,-7.877034601045213,-9.053541947886197,-11.63164851488818,-15.260231345754967,-19.713088537784433,-26.721820383016205,-33.42905000897775,-39.730730419706184,-45.60834727988945
3.1999999999999993,-7.814532455226206,-8.920104470605295,-11.448487870669794,-15.042520609811218,-19.474160673945626,-26.511419403452397,-33.25253936153579,-39.58370264517687,-45.473880334135586
3.3000000000000007,-7.739485677919398,-8.77563518584184,-11.254861697048007,-14.814174766315004,-19.223864253027305,-26.28598902435687,-33.057989957791655,-39.41675461507862,-45.31892469362641
3.400000000000002,-7.652865807659166,-8.621137436480133,-11.051833019967713,-14.576345926804017,-18.96346457618452,-26.04697812471169,-32.846991270948116,-39.23159314137401,-45.14537120303987
3.5,-7.555593929834546,-8.45755519623789,-10.840396263883841,-14.33010718852031,-18.6941360982477,-25.795738091990614,-32.62102714962772,-39.02980168732473,-44.954938640460085
3.6000000000000014,-7.448541561229405,-8.285774844636396,-10.621479859194551,-14.076456108353153,-18.416966880677577,-25.533527327042865,-32.38148127189076,-38.812849135403546,-44.749192054131726
3.6999999999999993,-7.332531784479754,-8.106627140821706,-10.395949006839972,-13.816318294606177,-18.132963112177066,-25.261515820762515,-32.12964249786895,-38.58209788120268,-44.52955883269709
3.8000000000000007,-7.20834058446359,-7.920889346616281,-10.164608547751723,-13.550551060905542,-17.843053639207508,-24.98078975060116,-31.86671010134107,-38.338811321231525,-44.29734279753597
3.900000000000002,-7.076698343834977,-7.729287455363279,-9.928205892083298,-13.279947094935697,-17.548094457923398,-24.692356051984323,-31.59379886229187,-38.084160793454956,-44.05373657860041
4.0,-6.9382914598942875,-7.53249848893476,-9.687433969875048,-13.00523810240021,-17.248873127564348,-24.39714692646773,-31.311944004641056,-37.81923202132905,-43.799832505522254
4.100000000000001,-6.793764049686997,-7.331152830658558,-9.442934170959344,-12.727098393604981,-16.94611307305808,-24.096024254870382,-31.022105965738913,-37.54503110507495,-43.5366322165023
4.200000000000003,-6.643719714601143,-7.12583656684546,-9.195299247472752,-12.44614838633256,-16.640477751471174,-23.789783889547817,-30.725174986755814,-37.26249009798754,-43.26505516008995
4.300000000000001,-6.488723339764139,-6.917093814058155,-8.945076157312045,-12.162958004228658,-16.332574662997594,-23.479159805360794,-30.42197551562752,-36.97247220062125,-42.985946140187814
4.400000000000002,-6.329302907213989,-6.705429013260542,-8.69276883126473,-11.878049954780337,-16.022959192435255,-23.164828093723273,-30.11327041666591,-36.675776601612974,-42.700082032734024
4.5,-6.165951305137266,-6.491309175534362,-8.438840850394545,-11.591902875171279,-15.712138271611298,-22.847410788375313,-29.79976498324043,-36.37314299056227,-42.40817778350714
4.600000000000001,-5.999128118437149,-6.275166067172855,-8.18371802359669,-11.304954337899984,-15.40057385703607,-22.527479515234663,-29.48211075203269,-36.065255765664105,-42.11089178018307
4.700000000000003,-5.829261388533602,-6.057398324685371,-7.927790858104175,-11.017603711094699,-15.088686220259767,-22.205558961865655,-29.160909119240873,-35.75274795656559,-41.80883067788824
4.800000000000001,-5.656749332624789,-5.838373492603894,-7.671416918161696,-10.730214871010006,-14.776857051034451,-21.882130164797495,-28.83671476074779,-35.43620488109137,-41.50255374574838
4.900000000000002,-5.481962014674591,-5.618429979004249,-7.414923069133859,-10.443118766296449,-14.465432375518246,-21.55763361517273,-28.51003885966544,-35.11616755297105,-41.192576792037656
5.0,-5.305242962160869,-5.397878925373326,-7.158607606020833,-10.156615835351818,-14.1547252934556,-21.232472185050064,-28.181352145839423,-34.79313585643237,-40.879375717220015
5.100000000000001,-5.126910724144883,-5.177005988901984,-6.902742266756165,-9.870978279436747,-13.845018539589338,-20.907013878171366,-27.85108775284662,-34.46757150244142,-40.56338973719545
5.200000000000003,-4.947260367529495,-4.956073036490705,-6.647574131799739,-9.586452195318364,-13.53656687555706,-20.581594410172976,-27.519643898772625,-34.1399007804306,-40.24502431320845
5.300000000000001,-4.766564909483114,-4.735319750750586,-6.393327412442993,-9.30325957203089,-13.229599319250774,-20.25651962411605,-27.187386397623072,-33.81051711852206,-39.92465381995441
5.400000000000002,-4.585076684942067,-4.514965149092821,-6.140205130952656,-9.021600156954799,-12.924321219111347,-19.93206774787225,-26.854651008632743,-33.47978346450268,-39.60262397928033
5.5,-4.403028648883986,-4.295209017649816,-5.888390696215287,-8.741653196845597,-12.620916181134787,-19.60849150035937,-26.52174563100219,-33.14803449911675,-39.27925408338046
5.600000000000001,-4.2206356137097565,-4.076233262281095,-5.638049378939248,-8.463579059722676,-12.319547856512285,-19.28602005391271,-26.188952351736443,-32.81557869259972,-38.954839028430015
5.700000000000003,-4.038095422597226,-3.858203179310545,-5.389329690742902,-8.187520743682684,-12.020361597848117,-18.964860860229408,-25.856529354302037,-32.48270021477257,-38.62965117708697
5.800000000000001,-3.8555900601134327,-3.6412686489316703,-5.142364671629044,-7.913605278754177,-11.723485991815135,-18.645201347357066,-25.52471269577277,-32.1496607084407,-38.303942066145574
5.900000000000002,-3.6732867017055764,-3.425565254423885,-4.897273090434122,-7.641945027880217,-11.42903427594824,-18.32721049514154,-25.193717960018603,-31.81670093529401,-37.97794397378829
6.0,-3.4913387039502206,-3.211215330457432,-4.65416056286111,-7.372638893020796,-11.137105647052877,-18.011040296416606,-24.863741794318155,-31.484042302977944,-37.651871359298276
6.100000000000001,-3.309886537631957,-2.998328943838893,-4.413120591669321,-7.105773432220108,-10.847786468436858,-17.69682711102746,-24.534963336556547,-31.15188828150134,-37.32592218672383
6.200000000000003,-3.1290586658618795,-2.7870048100764753,-4.174235533517375,-6.8414238933001625,-10.561151382874499,-17.3846929195475,-24.20754553991702,-30.820425716661482,-37.00027914279507
6.300000000000001,-2.9489723695373886,-2.5773311491296735,-3.937577496842329,-6.57965516962756,-10.277264337887763,-17.074746483280396,-23.881636401696817,-30.4898260477016,-36.67511075835074
6.400000000000002,-2.769734522497824,-2.3693864836632454,-3.703209175019783,-6.320522683168625,-9.996179529594414,-16.767084416851613,-23.55737010258095,-30.160246435969956,-36.35057244161818
6.5,-2.5914423187520392,-2.1632403830545552,-3.471184618893055,-6.064073199800528,-9.717942271031069,-16.461792179389317,-23.234868062402427,-29.831830810922636,-36.026807430883636
6.600000000000001,-2.414183954147732,-1.9589541563125958,-3.2415499525881715,-5.810345581593474,-9.4425897905162,-16.15894498998462,-22.914239918104066,-29.50471083940451,-35.70394767337429
6.700000000000003,-2.238039264826674,-1.7565814969623783,-3.0143440363516403,-5.559371480522273,-9.170151965281097,-15.858608672806811,-22.59558442930594,-29.17900682375455,-35.38211463653912
6.800000000000001,-2.0630803247655987,-1.5561690828323955,-2.7895990799646033,-5.311175977810723,-8.900651995265077,-15.560840436937841,-22.27899031657155,-28.85482853391255,-35.061420057347995
6.900000000000002,-1.8893720046457363,-1.3577571335592906,-2.567341210098936,-5.065778172860792,-8.63410702165131,-15.265689595684623,-21.964537037162927,-28.532275978353876,-34.741966634720505
7.0,-1.7169724942265652,-1.1613799284962456,-2.3475909947972244,-4.823191725473547,-8.370528694411616,-14.973198229828682,-21.65229550277949,-28.21144011834865,-34.423848669741176
7.100000000000001,-1.5459337903236592,-0.9670662875811897,-2.1303639280740287,-4.583425354831492,-8.1099236928327,-14.683401798984518,-21.342328743488466,-27.892403529727407,-34.10715265790531
7.200000000000003,-1.376302152410792,-0.7748400175896379,-1.915670877458003,-4.346483298483449,-7.852294202716431,-14.396329704961083,-21.034692521781988,-27.57524101604298,-33.7919578372711
7.300000000000001,-1.2081185277809452,-0.5847203260681738,-1.7035184971211637,-4.1123657343554925,-7.597638353680421,-14.112005810756019,-20.729435900431728,-27.2600201767393,-33.478336696056786
7.400000000000002,-1.0414189481150926,-0.39672220511568,-1.4939096090742259,-3.8810691686023904,-7.345950619734408,-13.83044891855972,-20.426601767563756,-26.946801933679517,-33.166355442919254
7.5,-0.8762348992201757,-0.21085678705557323,-1.2868435547469876,-3.652586791918572,-7.097222186071817,-13.551673209909262,-20.12622732213788,-26.635641019141673,-32.856074442873954
7.600000000000001,-0.7125936656097027,-0.02713167392138492,-1.0823165191200042,-3.4269088067396236,-6.8514412847942925,-13.275688650905092,-19.828344522793063,-26.326586428162774,-32.54754862156585
7.700000000000003,-0.5505186515148008,0.1544487574387166,-0.8803218294283883,-3.2040227275914797,-6.608593502080344,-13.002501365193222,-19.532980502808677,-26.019681837899792,-32.24082784037371
7.800000000000001,-0.3900296798283421,0.33388307294462977,-0.6808502303206093,-2.9839136566785376,-6.36866205911578,-12.732113977215553,-19.240157953733515,-25.71496599647747,-31.93595724462138
7.900000000000002,-0.2311432704019964,0.5111725199669116,-0.48389013722541524,-2.7665645366481746,-6.131628068922983,-12.464525928045125,-18.949895480048458,-25.412473083608887,-31.632977586981635
8.0,-0.0738728990360229,0.6863207856248024,-0.28942786955733635,-2.551956382324505,-5.897470771059991,-12.199733765949182,-18.662207927054506,-25.112233045102695,-31.331925527984758
8.100000000000001,0.08177076157553198,0.8593337733105063,-0.09744786527551542,-2.3400684930693334,-5.666167746003611,-11.937731413660355,-18.37710668401582,-24.8142719032115,-31.03283391538689
8.200000000000003,0.23577961775668618,1.030219396143596,0.09206712179696466,-2.130878647302769,-5.437695110887599,-11.678510414185496,-18.094599964435645,-24.518612044628593,-30.7357320440089
8.3,0.3881479465010954,1.1989873861451208,0.2791358405878233,-1.924363280598704,-5.212027698133217,-11.422060156840521,-17.81469306520158,-24.22527248780148,-30.440645897525254
8.400000000000002,0.538872201815433,1.3656491180030892,0.46377837611360156,-1.7204976486624994,-4.9891392183860575,-11.168368085070387,-17.537388606206452,-23.934269131105438,-30.147598373561777
8.5,0.6879508347696643,1.5302174463771796,0.6460159964185497,-1.519255976396466,-4.769002409059697,-10.917419887490947,-17.26268675192847,-23.645614983301407,-29.856609493351872
8.600000000000001,0.835384126332889,1.6927065557641774,0.8258710120746732,-1.320611594165521,-4.55158916968063,-10.66919967347844,-16.990585416341013,-23.359320377593395,-29.567696597098767
8.700000000000003,0.9811740321298031,1.8531318220116226,1.0033666472797744,-1.1245370622895001,-4.336870685132544,-10.423690134528238,-16.721080452418946,-23.07539317050144,-29.280874526100927
8.8,1.1253240383096967,2.0115096846318763,1.1785269216622483,-0.9310042847070451,-4.12481753780867,-10.180872692508611,-16.454165827410115,-22.793838926671434,-28.996155792612107
8.900000000000002,1.2678390277708016,2.1678575291280087,1.351376541967546,-0.7399846126831234,-3.91539980959799,-9.940727635846445,-16.189833784951315,-22.514661090658,-28.71355073833055
9.0,1.4087251560326812,2.3221935785981973,1.5219408028630919,-0.5514489393629347,-3.7085871745560057,-9.703234244600809,-15.928074995025254,-22.237861146637474,-28.433067682341942
9.100000000000001,1.5479897360954575,2.474536793937147,1.6902454961560789,-0.36536778591194286,-3.504348983040438,-9.46837090530342,-15.668878692677874,-21.9634387669343,-28.154713059274226
9.200000000000003,1.6856411316681137,2.624906782002327,1.8563168277711044,-0.18171137992340133,-3.302654338028542,-9.236115216376897,-15.412232806344896,-21.691391950176925,-27.87849154836485
9.3,1.8216886581892529,2.773323711156708,2.020181341884467,-0.0004497267203349038,-3.103472164273192,-9.00644408487619,-15.158124076570795,-21.421717149836912,-27.604406194084802
9.400000000000002,1.9561424911018936,2.919808233642801,2.181865851657863,0.17844732587021697,-2.9067712709015447,-8.779333815240275,-14.906538165842699,-21.154409393847416,-27.33245851891507
9.5,2.0890135808799846,3.064381414281463,2.3413973760554514,0.3550100287389917,-2.7125204080093823,-8.554760190686114,-14.657459760207042,-20.889462395944435,-27.062648628824693
9.600000000000001,2.220313574338341,3.2070646650258214,2.498803082268729,0.5292686782232217,-2.520688317759064,-8.332698547827128,-14.410872663283703,-20.626868659325204,-26.794975311957472
9.700000000000003,2.3500547417887105,3.3478796849338255,2.6541102333092543,0.7012535678916464,-2.3312437804471364,-8.113123845051796,-14.16675988324683,-20.36661957317293,-26.529436130996167
9.8,2.478249909634955,3.4868484051556567,2.8073461403628346,0.8709949449713476,-2.1441556559686012,-7.896010725155558,-13.925103713295934,-20.108705502556212,-26.266027509637386
9.900000000000002,2.6049123980274165,3.6239929385604146,2.9585381195297398,1.0385229710350656,-1.9593929210697794,-7.681333572680355,-13.685885806102485,-19.85311587217233,-26.004744813577325
10.0,2.7300559632228354,3.7593355336546526,3.107713452604879,1.2038676865978402,-1.7769247027495203,-7.469066566379351,-13.449087242678113,-19.59983924436928,-25.745582426379617
10.100000000000001,2.8536947443200447,3.8928985324698884,3.2548993515773863,1.3670589793001497,-1.5967203081380126,-7.259183727192298,-13.214688596078142,-19.348863391847935,-25.488533820567906
10.200000000000003,2.975843214064306,4.024704332120339,3.4001229265544066,1.528126555380314,-1.4187492511557724,-7.051658962085207,-12.98266999032108,-19.100175365416803,-25.233591624261383
10.3,3.0965161334342737,4.154775349753681,3.5434111568359157,1.687099914162866,-1.2429812762300134,-6.846466104081185,-12.753011154876718,-18.853761557143457,-24.980747683647458
10.400000000000002,3.215728509745303,4.28313399063791,3.684790864889288,1.8440083253114152,-1.0693863793225833,-6.643578948782401,-12.525691475047864,-18.60960775922136,-24.729993121565162
10.5,3.3334955580207866,4.409802619145987,3.824288692990052,1.998880808614193,-0.8979348265025565,-6.442971287660354,-12.300690038546936,-18.367699218847847,-24.48131839245251
10.600000000000001,3.4498326654006384,4.534803532417922,3.9619310823152274,2.1517461160902625,-0.728597170277576,-6.244616938368817,-12.07798567854475,-18.128020689386727,-24.234713333892838
10.700000000000003,3.564755358372001,4.658158936495473,4.097744254290126,2.3026327162195908,-0.5613442638794021,-6.04848977231465,-11.857557013448947,-17.890556478069367,-23.990167214979362
10.8,3.6782792726217672,4.77989092474025,4.231754194006301,2.451568780117655,-0.3961472736840762,-5.854563739702497,-11.63938248364938,-17.65529049046936,-23.747668781700128
10.900000000000002,3.7904201253247285,4.900021458359305,4.363986635541528,2.59858216948854,-0.23297768993082288,-5.662812892252643,-11.423440385450476,-17.42220627196947,-23.507206299533188
11.0,3.9011936896938537,5.018572348875802,4.494467049025766,2.7437004262039606,-0.07180733589144203,-5.473211403775776,-11.209708902393505,-17.191287046423056,-23.268767593427015
11.100000000000001,4.010615771631197,5.135565242394052,4.623220629309963,2.886950763368633,0.08739162437190631,-5.285733588773863,-10.99816613415758,-16.962515752198193,-23.032340085330056
11.200000000000003,4.118702188329191,5.25102160551891,4.750272286103976,3.0283600577423133,0.2446466795330062,-5.1003539192230685,-10.788790123212765,-16.73587507577943,-22.797910829421998
11.3,4.225468748682742,5.364962712800743,4.875646635462112,3.167954843400627,0.399984965696006,-4.917047039682403,-10.581558879387275,-16.51134748308877,-22.565466545188364
11.400000000000002,4.330931235381579,5.477409635585806,4.999367992502413,3.3057613065251106,0.5534332621509092,-4.735787780861018,-10.376450402497603,-16.288915248677757,-22.334993648471386
11.5,4.435105388562145,5.588383232161054,5.121460365255968,3.4418052812226936,0.7050179880924234,-4.55655117176599,-10.173442703180351,-16.068560482930007,-22.10647828062036
11.600000000000001,4.538006890906268,5.697904139090939,5.241947449549909,3.5761122462819332,0.8547652002127794,-4.379312450543658,-9.972513822053713,-15.85026515740523,-21.879906335857157
11.700000000000003,4.6396513540816935,5.805992763650677,5.360852624835105,3.708707322781736,1.0027005910858897,-4.204047074118323,-9.773641847327632,-15.634011128445968,-21.655263486964607
11.8,4.740054306426957,5.912669277267898,5.4781989508769415,3.839615272474219,1.148849488268009,-4.030730726724357,-9.576804930972711,-15.41978015916039,-21.432535209398303
11.900000000000002,4.839231181790151,6.017953609891458,5.5940091652335635,3.968860496870406,1.293236854045743,-3.859339327420054,-9.381981303550216,-15.207553939885718,-21.211706803916503
12.0,4.937197309436566,6.121865445211274,5.708305681451906,4.096467036962785,1.4358872857681066,-3.689849036665116,-9.189149287798068,-14.997314107231556,-20.992763417815674
12.100000000000001,5.033967904947344,6.224424216659746,5.82111058791751,4.222458573524105,1.576825016705268,-3.522236262037066,-8.998287311060489,-14.789042261793476,-20.7756900648548
12.200000000000003,5.129558062035588,6.3256491041298135,5.93244564729848,4.346858427927376,1.716073917380052,-3.3564776631560203,-8.809373916643501,-14.582719984622825,-20.56047164394523
12.3,5.223982745212177,6.425559031349572,6.042332296529593,4.469689563435104,1.8536574973249078,-3.1925501558822633,-8.622387774171695,-14.378328852532023,-20.347092956678797
12.400000000000002,5.3172567832380375,6.524172663858469,6.150791647285742,4.590974586911837,1.9895989072188391,-3.030430915845728,-8.437307689017056,-14.175850452309687,-20.13553872376189
12.5,5.409394863304131,6.621508407533163,6.257844486898729,4.710735750916347,2.1239209413641764,-2.87009738136218,-8.25411261086495,-13.975266393915032,-19.925793600419397
12.600000000000001,5.500411525884213,6.717584407616182,6.363511279674474,4.828994956134044,2.2566460404662148,-2.711527255786709,-8.072781641478594,-13.776558322715848,-19.717842190828023
12.700000000000003,5.5903211602099425,6.812418548202857,6.467812168571438,4.945773754113524,2.387796294681003,-2.554698509351201,-7.893294041718209,-13.579707930831258,-19.511669061635146
12.8,5.679138000320502,6.906028452146533,6.5707669772040695,5.061093350273851,2.517393446900878,-2.399589380528671,-7.715629237867343,-13.384696967634932,-19.30725875461605
12.900000000000002,5.766876121643346,6.9984314813441255,6.672395212137901,5.174974607151924,2.6454588962492016,-2.246178376964659,-7.539766827315875,-13.191507249472513,-19.104595798518876
13.0,5.853549438064501,7.089644737367155,6.7727160654455245,5.287438047862224,2.7720137017577384,-2.094444276012173,-7.365686583644391,-13.000120668641994,-18.903664720143684
13.100000000000001,5.939171699451031,7.179685062406892,6.871748417495455,5.3985038597431565,2.897078586203883,-1.9443661249043402,-7.193368461153027,-12.81051920168363,-18.70445005470001
13.200000000000003,6.023756489589881,7.26856904050299,6.969510839947734,5.508191898166305,3.0206739400853695,-1.7959232405958827,-7.022792598873631,-12.622684917022667,-18.50693635548314
13.3,6.107317224510375,7.35631299902902,7.0660215989324255,5.616521690487481,3.142819825713149,-1.649095209302846,-6.853939324102426,-12.436599982005463,-18.311108202908756
13.400000000000002,6.189867151159905,7.442933010409261,7.161298658389418,5.723512440119721,3.26353598140413,-1.5038618857669632,-6.686789155486864,-12.25224666936674,-18.11695021294184
13.5,6.2714193464042145,7.528444894043184,7.255359683548728,5.829183030709895,3.382841825757616,-1.3602033922696155,-6.521322805698968,-12.069607363164016,-17.924447044954412
13.600000000000001,6.351986716326143,7.612864218416759,7.348222044533727,5.93355203040324,3.5007564620005662,-1.2181001174182575,-6.357521183724599,-11.888664564212046,-17.73358340904451
13.700000000000003,6.431581995798103,7.696206303379728,7.4399028200694675,6.036637696179904,3.6172986823876085,-1.0775327147262348,-6.19536539679617,-11.709400895048864,-17.54434407284681
13.8,6.510217748305654,7.778486222571549,7.530418801281262,6.138457978250601,3.7324869726441965,-0.9384821010058503,-6.034836751994849,-11.531799104462644,-17.356713867863693
13.900000000000002,6.58790636600089,7.859718805978215,7.619786495568771,6.23903052449827,3.846339516441192,-0.8009294545923139,-5.875916757546203,-11.355842071606906,-17.1706776953439
14.0,6.664660069966108,7.93991864260489,7.7080221305431005,6.33837268495478,3.9588741998906505,-0.6648562134156066,-5.718587123831497,-11.181512809729908,-16.986220531734247
14.100000000000001,6.740490910669624,8.019100083249898,7.795141658014236,6.436501516301961,4.0701086160541875,-0.5302440729352279,-5.56282976413569,-11.008794469542307,-16.803327433728757
14.200000000000003,6.8154107685963785,8.097277243366685,7.881160758019002,6.533433786387966,4.18006006945488,-0.3970749839524427,-5.408626795151759,-10.837670342245966,-16.62198354293776
14.3,6.889431355038078,8.174464006002005,7.966094842878303,6.629185978749939,4.288745580585644,-0.26533115031283433,-5.255960537259161,-10.668123862245263,-16.44217409019861
14.400000000000002,6.962564213028102,8.250674024798576,8.049959061275832,6.7237742971357735,4.396181890407157,-0.1349950265113504,-5.104813514593628,-10.500138609560823,-16.263884399548147
14.5,7.0348207184075955,8.325920727052566,8.13276830234904,6.817214670017398,4.5023854648292065,-0.0060493152111390875,-4.955168454924302,-10.33369831196471,-16.087099891876523
14.600000000000001,7.106212081010239,8.40021731681606,8.214537199785418,6.909522755089708,4.6073724991699585,0.12152303531383257,-4.807008289352558,-10.168786846854521,-15.911806088279757
14.700000000000003,7.176749345954032,8.473576778036016,8.295280135916986,7.000713943749301,4.711158922588308,0.2477388338024319,-4.660316151846604,-10.005388242883384,-15.737988613129136
14.8,7.246443395029632,8.546011877721892,8.37501124580693,7.0908033655476075,4.813760402484851,0.37261464868798605,-4.515075378624628,-9.843486681361098,-15.565633196872623
14.900000000000002,7.315304948174494,8.617535169134438,8.453744421322702,7.179805892614343,4.915192348867595,0.496166810829413,-4.371269507398584,-9.683066497441434,-15.394725678584248
15.0,7.383344565024419,8.688158994989323,8.53149331519062,7.267736144046632,5.015469918678763,0.6184114162845813,-4.228882276489734,-9.524112181109308,-15.225252008275772
